code_index,high_hex,low_hex,unicode,resolution_method
0,0xB0,0xA1,精,exact_hzk16_bitmap
1,0xB0,0xA2,灵,exact_hzk16_bitmap
2,0xB0,0xA3,取,exact_hzk16_bitmap
3,0xB0,0xA4,出,exact_hzk16_bitmap
4,0xB0,0xA5,存,exact_hzk16_bitmap
5,0xB0,0xA6,放,exact_hzk16_bitmap
6,0xB0,0xA7,南,exact_hzk16_bitmap
7,0xB0,0xA8,晶,exact_hzk16_bitmap
8,0xB0,0xA9,公,exact_hzk16_bitmap
9,0xB0,0xAA,司,exact_hzk16_bitmap
10,0xB0,0xAB,版,exact_hzk16_bitmap
11,0xB0,0xAC,权,exact_hzk16_bitmap
12,0xB0,0xAD,所,exact_hzk16_bitmap
13,0xB0,0xAE,有,exact_hzk16_bitmap
14,0xB0,0xAF,系,exact_hzk16_bitmap
15,0xB0,0xB0,统,exact_hzk16_bitmap
16,0xB0,0xB1,启,exact_hzk16_bitmap
17,0xB0,0xB2,动,exact_hzk16_bitmap
18,0xB0,0xB3,关,exact_hzk16_bitmap
19,0xB0,0xB4,闭,exact_hzk16_bitmap
20,0xB0,0xB5,喔,exact_hzk16_bitmap
21,0xB0,0xB6,小,exact_hzk16_bitmap
22,0xB0,0xB7,智,exact_hzk16_bitmap
23,0xB0,0xB8,在,exact_hzk16_bitmap
24,0xB0,0xB9,那,exact_hzk16_bitmap
25,0xB0,0xBA,个,exact_hzk16_bitmap
26,0xB0,0xBB,圆,exact_hzk16_bitmap
27,0xB0,0xBC,的,exact_hzk16_bitmap
28,0xB0,0xBD,球,exact_hzk16_bitmap
29,0xB0,0xBE,吧,exact_hzk16_bitmap
30,0xB0,0xBF,里,exact_hzk16_bitmap
31,0xB0,0xC0,宠,exact_hzk16_bitmap
32,0xB0,0xC1,物,exact_hzk16_bitmap
33,0xB0,0xC2,是,exact_hzk16_bitmap
34,0xB0,0xC3,要,exact_hzk16_bitmap
35,0xB0,0xC4,给,exact_hzk16_bitmap
36,0xB0,0xC5,你,exact_hzk16_bitmap
37,0xB0,0xC6,拿,exact_hzk16_bitmap
38,0xB0,0xC7,去,exact_hzk16_bitmap
39,0xB0,0xC8,多,exact_hzk16_bitmap
40,0xB0,0xC9,和,exact_hzk16_bitmap
41,0xB0,0xCA,怪,exact_hzk16_bitmap
42,0xB0,0xCB,兽,exact_hzk16_bitmap
43,0xB0,0xCC,亲,exact_hzk16_bitmap
44,0xB0,0xCD,近,exact_hzk16_bitmap
45,0xB0,0xCE,不,exact_hzk16_bitmap
46,0xB0,0xCF,打,exact_hzk16_bitmap
47,0xB0,0xD0,相,exact_hzk16_bitmap
48,0xB0,0xD1,识,exact_hzk16_bitmap
49,0xB0,0xD2,欢,exact_hzk16_bitmap
50,0xB0,0xD3,迎,exact_hzk16_bitmap
51,0xB0,0xD4,买,exact_hzk16_bitmap
52,0xB0,0xD5,东,exact_hzk16_bitmap
53,0xB0,0xD6,西,exact_hzk16_bitmap
54,0xB0,0xD7,吗,exact_hzk16_bitmap
55,0xB0,0xD8,谢,exact_hzk16_bitmap
56,0xB0,0xD9,惠,exact_hzk16_bitmap
57,0xB0,0xDA,顾,exact_hzk16_bitmap
58,0xB0,0xDB,到,exact_hzk16_bitmap
59,0xB0,0xDC,中,exact_hzk16_bitmap
60,0xB0,0xDD,心,exact_hzk16_bitmap
61,0xB0,0xDE,可,exact_hzk16_bitmap
62,0xB0,0xDF,以,exact_hzk16_bitmap
63,0xB0,0xE0,恢,exact_hzk16_bitmap
64,0xB0,0xE1,复,exact_hzk16_bitmap
65,0xB0,0xE2,体,exact_hzk16_bitmap
66,0xB0,0xE3,力,exact_hzk16_bitmap
67,0xB0,0xE4,光,exact_hzk16_bitmap
68,0xB0,0xE5,临,exact_hzk16_bitmap
69,0xB0,0xE6,弃,exact_hzk16_bitmap
70,0xB0,0xE7,对,exact_hzk16_bitmap
71,0xB0,0xE8,起,exact_hzk16_bitmap
72,0xB0,0xE9,因,exact_hzk16_bitmap
73,0xB0,0xEA,为,exact_hzk16_bitmap
74,0xB0,0xEB,机,exact_hzk16_bitmap
75,0xB0,0xEC,能,exact_hzk16_bitmap
76,0xB0,0xED,限,exact_hzk16_bitmap
77,0xB0,0xEE,这,exact_hzk16_bitmap
78,0xB0,0xEF,暂,exact_hzk16_bitmap
79,0xB0,0xF0,时,exact_hzk16_bitmap
80,0xB0,0xF1,够,exact_hzk16_bitmap
81,0xB0,0xF2,战,exact_hzk16_bitmap
82,0xB0,0xF3,交,exact_hzk16_bitmap
83,0xB0,0xF4,换,exact_hzk16_bitmap
84,0xB0,0xF5,器,exact_hzk16_bitmap
85,0xB0,0xF6,也,exact_hzk16_bitmap
86,0xB0,0xF7,坏,exact_hzk16_bitmap
87,0xB0,0xF8,了,exact_hzk16_bitmap
88,0xB0,0xF9,下,exact_hzk16_bitmap
89,0xB0,0xFA,次,exact_hzk16_bitmap
90,0xB0,0xFB,再,exact_hzk16_bitmap
91,0xB0,0xFC,来,exact_hzk16_bitmap
92,0xB0,0xFD,看,exact_hzk16_bitmap
93,0xB0,0xFE,钱,exact_hzk16_bitmap
94,0xB1,0xA1,否,exact_hzk16_bitmap
95,0xB1,0xA2,空,exact_hzk16_bitmap
96,0xB1,0xA3,手,exact_hzk16_bitmap
97,0xB1,0xA4,道,exact_hzk16_bitmap
98,0xB1,0xA5,跆,exact_hzk16_bitmap
99,0xB1,0xA6,拳,exact_hzk16_bitmap
100,0xB1,0xA7,使,exact_hzk16_bitmap
101,0xB1,0xA8,用,exact_hzk16_bitmap
102,0xB1,0xA9,居,exact_hzk16_bitmap
103,0xB1,0xAA,合,exact_hzk16_bitmap
104,0xB1,0xAB,斩,exact_hzk16_bitmap
105,0xB1,0xAC,飞,exact_hzk16_bitmap
106,0xB1,0xAD,天,exact_hzk16_bitmap
107,0xB1,0xAE,术,exact_hzk16_bitmap
108,0xB1,0xAF,冲,exact_hzk16_bitmap
109,0xB1,0xB0,浪,exact_hzk16_bitmap
110,0xB1,0xB1,块,exact_hzk16_bitmap
111,0xB1,0xB2,石,exact_hzk16_bitmap
112,0xB1,0xB3,头,exact_hzk16_bitmap
113,0xB1,0xB4,好,exact_hzk16_bitmap
114,0xB1,0xB5,像,exact_hzk16_bitmap
115,0xB1,0xB6,被,exact_hzk16_bitmap
116,0xB1,0xB7,推,exact_hzk16_bitmap
117,0xB1,0xB8,棵,exact_hzk16_bitmap
118,0xB1,0xB9,树,exact_hzk16_bitmap
119,0xB1,0xBA,苗,exact_hzk16_bitmap
120,0xB1,0xBB,断,exact_hzk16_bitmap
121,0xB1,0xBC,世,exact_hzk16_bitmap
122,0xB1,0xBD,界,exact_hzk16_bitmap
123,0xB1,0xBE,大,exact_hzk16_bitmap
124,0xB1,0xBF,家,exact_hzk16_bitmap
125,0xB1,0xC0,都,exact_hzk16_bitmap
126,0xB1,0xC1,叫,exact_hzk16_bitmap
127,0xB1,0xC2,我,exact_hzk16_bitmap
128,0xB1,0xC3,木,exact_hzk16_bitmap
129,0xB1,0xC4,博,exact_hzk16_bitmap
130,0xB1,0xC5,士,exact_hzk16_bitmap
131,0xB1,0xC6,住,exact_hzk16_bitmap
132,0xB1,0xC7,着,exact_hzk16_bitmap
133,0xB1,0xC8,称,exact_hzk16_bitmap
134,0xB1,0xC9,生,exact_hzk16_bitmap
135,0xB1,0xCA,视,exact_hzk16_bitmap
136,0xB1,0xCB,或,exact_hzk16_bitmap
137,0xB1,0xCC,于,exact_hzk16_bitmap
138,0xB1,0xCD,等,exact_hzk16_bitmap
139,0xB1,0xCE,而,exact_hzk16_bitmap
140,0xB1,0xCF,研,exact_hzk16_bitmap
141,0xB1,0xD0,究,exact_hzk16_bitmap
142,0xB1,0xD1,一,exact_hzk16_bitmap
143,0xB1,0xD2,将,exact_hzk16_bitmap
144,0xB1,0xD3,属,exact_hzk16_bitmap
145,0xB1,0xD4,故,exact_hzk16_bitmap
146,0xB1,0xD5,事,exact_hzk16_bitmap
147,0xB1,0xD6,梦,exact_hzk16_bitmap
148,0xB1,0xD7,想,exact_hzk16_bitmap
149,0xB1,0xD8,即,exact_hzk16_bitmap
150,0xB1,0xD9,开,exact_hzk16_bitmap
151,0xB1,0xDA,始,exact_hzk16_bitmap
152,0xB1,0xDB,妈,exact_hzk16_bitmap
153,0xB1,0xDC,嘛,exact_hzk16_bitmap
154,0xB1,0xDD,男,exact_hzk16_bitmap
155,0xB1,0xDE,孩,exact_hzk16_bitmap
156,0xB1,0xDF,子,exact_hzk16_bitmap
157,0xB1,0xE0,志,exact_hzk16_bitmap
158,0xB1,0xE1,四,exact_hzk16_bitmap
159,0xB1,0xE2,方,exact_hzk16_bitmap
160,0xB1,0xE3,嗯,exact_hzk16_bitmap
161,0xB1,0xE4,电,exact_hzk16_bitmap
162,0xB1,0xE5,上,exact_hzk16_bitmap
163,0xB1,0xE6,么,exact_hzk16_bitmap
164,0xB1,0xE7,说,exact_hzk16_bitmap
165,0xB1,0xE8,隔,exact_hzk16_bitmap
166,0xB1,0xE9,壁,exact_hzk16_bitmap
167,0xB1,0xEA,找,exact_hzk16_bitmap
168,0xB1,0xEB,呢,exact_hzk16_bitmap
169,0xB1,0xEC,茂,exact_hzk16_bitmap
170,0xB1,0xED,嗨,exact_hzk16_bitmap
171,0xB1,0xEE,爷,exact_hzk16_bitmap
172,0xB1,0xEF,话,exact_hzk16_bitmap
173,0xB1,0xF0,他,exact_hzk16_bitmap
174,0xB1,0xF1,听,exact_hzk16_bitmap
175,0xB1,0xF2,才,exact_hzk16_bitmap
176,0xB1,0xF3,赶,exact_hzk16_bitmap
177,0xB1,0xF4,紧,exact_hzk16_bitmap
178,0xB1,0xF5,真,exact_hzk16_bitmap
179,0xB1,0xF6,危,exact_hzk16_bitmap
180,0xB1,0xF7,险,exact_hzk16_bitmap
181,0xB1,0xF8,野,exact_hzk16_bitmap
182,0xB1,0xF9,会,exact_hzk16_bitmap
183,0xB1,0xFA,从,exact_hzk16_bitmap
184,0xB1,0xFB,草,exact_hzk16_bitmap
185,0xB1,0xFC,丛,exact_hzk16_bitmap
186,0xB1,0xFD,跳,exact_hzk16_bitmap
187,0xB1,0xFE,如,exact_hzk16_bitmap
188,0xB2,0xA1,与,exact_hzk16_bitmap
189,0xB2,0xA2,跟,exact_hzk16_bitmap
190,0xB2,0xA3,回,exact_hzk16_bitmap
191,0xB2,0xA4,已,exact_hzk16_bitmap
192,0xB2,0xA5,经,exact_hzk16_bitmap
193,0xB2,0xA6,啦,exact_hzk16_bitmap
194,0xB2,0xA7,稍,exact_hzk16_bitmap
195,0xB2,0xA8,后,exact_hzk16_bitmap
196,0xB2,0xA9,既,exact_hzk16_bitmap
197,0xB2,0xAA,然,exact_hzk16_bitmap
198,0xB2,0xAB,就,exact_hzk16_bitmap
199,0xB2,0xAC,啊,exact_hzk16_bitmap
200,0xB2,0xAD,偏,exact_hzk16_bitmap
201,0xB2,0xAE,急,exact_hzk16_bitmap
202,0xB2,0xAF,什,exact_hzk16_bitmap
203,0xB2,0xB0,哼,exact_hzk16_bitmap
204,0xB2,0xB1,定,exact_hzk16_bitmap
205,0xB2,0xB2,比,exact_hzk16_bitmap
206,0xB2,0xB3,喂,exact_hzk16_bitmap
207,0xB2,0xB4,做,exact_hzk16_bitmap
208,0xB2,0xB5,人,exact_hzk16_bitmap
209,0xB2,0xB6,没,exact_hzk16_bitmap
210,0xB2,0xB7,办,exact_hzk16_bitmap
211,0xB2,0xB8,法,exact_hzk16_bitmap
212,0xB2,0xB9,反,exact_hzk16_bitmap
213,0xB2,0xBA,正,exact_hzk16_bitmap
214,0xB2,0xBB,早,exact_hzk16_bitmap
215,0xB2,0xBC,晚,exact_hzk16_bitmap
216,0xB2,0xBD,还,exact_hzk16_bitmap
217,0xB2,0xBE,只,exact_hzk16_bitmap
218,0xB2,0xBF,刚,exact_hzk16_bitmap
219,0xB2,0xC0,抓,exact_hzk16_bitmap
220,0xB2,0xC1,得,exact_hzk16_bitmap
221,0xB2,0xC2,卡,exact_hzk16_bitmap
222,0xB2,0xC3,丘,exact_hzk16_bitmap
223,0xB2,0xC4,当,exact_hzk16_bitmap
224,0xB2,0xC5,练,exact_hzk16_bitmap
225,0xB2,0xC6,习,exact_hzk16_bitmap
226,0xB2,0xC7,玩,exact_hzk16_bitmap
227,0xB2,0xC8,笑,exact_hzk16_bitmap
228,0xB2,0xC9,强,exact_hzk16_bitmap
229,0xB2,0xCA,别,exact_hzk16_bitmap
230,0xB2,0xCB,让,exact_hzk16_bitmap
231,0xB2,0xCC,更,exact_hzk16_bitmap
232,0xB2,0xCD,见,exact_hzk16_bitmap
233,0xB2,0xCE,老,exact_hzk16_bitmap
234,0xB2,0xCF,女,exact_hzk16_bitmap
235,0xB2,0xD0,怎,exact_hzk16_bitmap
236,0xB2,0xD1,睡,exact_hzk16_bitmap
237,0xB2,0xD2,醒,exact_hzk16_bitmap
238,0xB2,0xD3,店,exact_hzk16_bitmap
239,0xB2,0xD4,员,exact_hzk16_bitmap
240,0xB2,0xD5,新,exact_hzk16_bitmap
241,0xB2,0xD6,镇,exact_hzk16_bitmap
242,0xB2,0xD7,知,exact_hzk16_bitmap
243,0xB2,0xD8,请,exact_hzk16_bitmap
244,0xB2,0xD9,转,exact_hzk16_bitmap
245,0xB2,0xDA,样,exact_hzk16_bitmap
246,0xB2,0xDB,处,exact_hzk16_bitmap
247,0xB2,0xDC,错,exact_hzk16_bitmap
248,0xB2,0xDD,哦,exact_hzk16_bitmap
249,0xB2,0xDE,训,exact_hzk16_bitmap
250,0xB2,0xDF,师,exact_hzk16_bitmap
251,0xB2,0xE0,包,exact_hzk16_bitmap
252,0xB2,0xE1,裹,exact_hzk16_bitmap
253,0xB2,0xE2,订,exact_hzk16_bitmap
254,0xB2,0xE3,特,exact_hzk16_bitmap
255,0xB2,0xE4,制,exact_hzk16_bitmap
256,0xB2,0xE5,忘,exact_hzk16_bitmap
257,0xB2,0xE6,告,exact_hzk16_bitmap
258,0xB2,0xE7,诉,exact_hzk16_bitmap
259,0xB2,0xE8,拜,exact_hzk16_bitmap
260,0xB2,0xE9,托,exact_hzk16_bitmap
261,0xB2,0xEA,成,exact_hzk16_bitmap
262,0xB2,0xEB,长,exact_hzk16_bitmap
263,0xB2,0xEC,快,exact_hzk16_bitmap
264,0xB2,0xED,麻,exact_hzk16_bitmap
265,0xB2,0xEE,烦,exact_hzk16_bitmap
266,0xB2,0xEF,们,exact_hzk16_bitmap
267,0xB2,0xF0,桌,exact_hzk16_bitmap
268,0xB2,0xF1,图,exact_hzk16_bitmap
269,0xB2,0xF2,鉴,exact_hzk16_bitmap
270,0xB2,0xF3,自,exact_hzk16_bitmap
271,0xB2,0xF4,发,exact_hzk16_bitmap
272,0xB2,0xF5,现,exact_hzk16_bitmap
273,0xB2,0xF6,资,exact_hzk16_bitmap
274,0xB2,0xF7,料,exact_hzk16_bitmap
275,0xB2,0xF8,记,exact_hzk16_bitmap
276,0xB2,0xF9,录,exact_hzk16_bitmap
277,0xB2,0xFA,并,exact_hzk16_bitmap
278,0xB2,0xFB,增,exact_hzk16_bitmap
279,0xB2,0xFC,加,exact_hzk16_bitmap
280,0xB2,0xFD,页,exact_hzk16_bitmap
281,0xB2,0xFE,数,exact_hzk16_bitmap
282,0xB3,0xA1,本,exact_hzk16_bitmap
283,0xB3,0xA2,便,exact_hzk16_bitmap
284,0xB3,0xA3,保,exact_hzk16_bitmap
285,0xB3,0xA4,管,exact_hzk16_bitmap
286,0xB3,0xA5,作,exact_hzk16_bitmap
287,0xB3,0xA6,完,exact_hzk16_bitmap
288,0xB3,0xA7,整,exact_hzk16_bitmap
289,0xB3,0xA8,但,exact_hzk16_bitmap
290,0xB3,0xA9,行,exact_hzk16_bitmap
291,0xB3,0xAA,希,exact_hzk16_bitmap
292,0xB3,0xAB,望,exact_hzk16_bitmap
293,0xB3,0xAC,由,exact_hzk16_bitmap
294,0xB3,0xAD,替,exact_hzk16_bitmap
295,0xB3,0xAE,历,exact_hzk16_bitmap
296,0xB3,0xAF,史,exact_hzk16_bitmap
297,0xB3,0xB0,留,exact_hzk16_bitmap
298,0xB3,0xB1,名,exact_hzk16_bitmap
299,0xB3,0xB2,工,exact_hzk16_bitmap
300,0xB3,0xB3,该,exact_hzk16_bitmap
301,0xB3,0xB4,惜,exact_hzk16_bitmap
302,0xB3,0xB5,场,exact_hzk16_bitmap
303,0xB3,0xB6,份,exact_hzk16_bitmap
304,0xB3,0xB7,向,exact_hzk16_bitmap
305,0xB3,0xB8,姐,exact_hzk16_bitmap
306,0xB3,0xB9,借,exact_hzk16_bitmap
307,0xB3,0xBA,城,exact_hzk16_bitmap
308,0xB3,0xBB,地,exact_hzk16_bitmap
309,0xB3,0xBC,哈,exact_hzk16_bitmap
310,0xB3,0xBD,任,exact_hzk16_bitmap
311,0xB3,0xBE,务,exact_hzk16_bitmap
312,0xB3,0xBF,辛,exact_hzk16_bitmap
313,0xB3,0xC0,苦,exact_hzk16_bitmap
314,0xB3,0xC1,喝,exact_hzk16_bitmap
315,0xB3,0xC2,醉,exact_hzk16_bitmap
316,0xB3,0xC3,似,exact_hzk16_bitmap
317,0xB3,0xC4,痛,exact_hzk16_bitmap
318,0xB3,0xC5,妨,exact_hzk16_bitmap
319,0xB3,0xC6,碍,exact_hzk16_bitmap
320,0xB3,0xC7,需,exact_hzk16_bitmap
321,0xB3,0xC8,附,exact_hzk16_bitmap
322,0xB3,0xC9,商,exact_hzk16_bitmap
323,0xB3,0xCA,常,exact_hzk16_bitmap
324,0xB3,0xCB,青,exact_hzk16_bitmap
325,0xB3,0xCC,馆,exact_hzk16_bitmap
326,0xB3,0xCD,锁,exact_hzk16_bitmap
327,0xB3,0xCE,联,exact_hzk16_bitmap
328,0xB3,0xCF,盟,exact_hzk16_bitmap
329,0xB3,0xD0,算,exact_hzk16_bitmap
330,0xB3,0xD1,徽,exact_hzk16_bitmap
331,0xB3,0xD2,章,exact_hzk16_bitmap
332,0xB3,0xD3,把,exact_hzk16_bitmap
333,0xB3,0xD4,过,exact_hzk16_bitmap
334,0xB3,0xD5,底,exact_hzk16_bitmap
335,0xB3,0xD6,变,exact_hzk16_bitmap
336,0xB3,0xD7,尽,exact_hzk16_bitmap
337,0xB3,0xD8,非,exact_hzk16_bitmap
338,0xB3,0xD9,劲,exact_hzk16_bitmap
339,0xB3,0xDA,通,exact_hzk16_bitmap
340,0xB3,0xDB,停,exact_hzk16_bitmap
341,0xB3,0xDC,往,exact_hzk16_bitmap
342,0xB3,0xDD,前,exact_hzk16_bitmap
343,0xB3,0xDE,进,exact_hzk16_bitmap
344,0xB3,0xDF,守,exact_hzk16_bitmap
345,0xB3,0xE0,卫,exact_hzk16_bitmap
346,0xB3,0xE1,扇,exact_hzk16_bitmap
347,0xB3,0xE2,门,exact_hzk16_bitmap
348,0xB3,0xE3,之,exact_hzk16_bitmap
349,0xB3,0xE4,些,exact_hzk16_bitmap
350,0xB3,0xE5,未,exact_hzk16_bitmap
351,0xB3,0xE6,无,exact_hzk16_bitmap
352,0xB3,0xE7,捉,exact_hzk16_bitmap
353,0xB3,0xE8,虫,exact_hzk16_bitmap
354,0xB3,0xE9,少,exact_hzk16_bitmap
355,0xB3,0xEA,年,exact_hzk16_bitmap
356,0xB3,0xEB,较,exact_hzk16_bitmap
357,0xB3,0xEC,量,exact_hzk16_bitmap
358,0xB3,0xED,厉,exact_hzk16_bitmap
359,0xB3,0xEE,害,exact_hzk16_bitmap
360,0xB3,0xEF,逃,exact_hzk16_bitmap
361,0xB3,0xF0,避,exact_hzk16_bitmap
362,0xB3,0xF1,输,exact_hzk16_bitmap
363,0xB3,0xF2,最,exact_hzk16_bitmap
364,0xB3,0xF3,目,exact_hzk16_bitmap
365,0xB3,0xF4,标,exact_hzk16_bitmap
366,0xB3,0xF5,赢,exact_hzk16_bitmap
367,0xB3,0xF6,果,exact_hzk16_bitmap
368,0xB3,0xF7,很,exact_hzk16_bitmap
369,0xB3,0xF8,寻,exact_hzk16_bitmap
370,0xB3,0xF9,胜,exact_hzk16_bitmap
371,0xB3,0xFA,信,exact_hzk16_bitmap
372,0xB3,0xFB,挑,exact_hzk16_bitmap
373,0xB3,0xFC,裁,exact_hzk16_bitmap
374,0xB3,0xFD,判,exact_hzk16_bitmap
375,0xB3,0xFE,朝,exact_hzk16_bitmap
376,0xB4,0xA1,冠,exact_hzk16_bitmap
377,0xB4,0xA2,军,exact_hzk16_bitmap
378,0xB4,0xA3,试,exact_hzk16_bitmap
379,0xB4,0xA4,虽,exact_hzk16_bitmap
380,0xB4,0xA5,意,exact_hzk16_bitmap
381,0xB4,0xA6,满,exact_hzk16_bitmap
382,0xB4,0xA7,难,exact_hzk16_bitmap
383,0xB4,0xA8,面,exact_hzk16_bitmap
384,0xB4,0xA9,受,exact_hzk16_bitmap
385,0xB4,0xAA,气,exact_hzk16_bitmap
386,0xB4,0xAB,攻,exact_hzk16_bitmap
387,0xB4,0xAC,击,exact_hzk16_bitmap
388,0xB4,0xAD,影,exact_hzk16_bitmap
389,0xB4,0xAE,响,exact_hzk16_bitmap
390,0xB4,0xAF,侦,exact_hzk16_bitmap
391,0xB4,0xB0,察,exact_hzk16_bitmap
392,0xB4,0xB1,万,exact_hzk16_bitmap
393,0xB4,0xB2,尼,exact_hzk16_bitmap
394,0xB4,0xB3,领,exact_hzk16_bitmap
395,0xB4,0xB4,袖,exact_hzk16_bitmap
396,0xB4,0xB5,坚,exact_hzk16_bitmap
397,0xB4,0xB6,硬,exact_hzk16_bitmap
398,0xB4,0xB7,斗,exact_hzk16_bitmap
399,0xB4,0xB8,宿,exact_hzk16_bitmap
400,0xB4,0xB9,命,exact_hzk16_bitmap
401,0xB4,0xBA,认,exact_hzk16_bitmap
402,0xB4,0xBB,灰,exact_hzk16_bitmap
403,0xB4,0xBC,色,exact_hzk16_bitmap
404,0xB4,0xBD,持,exact_hzk16_bitmap
405,0xB4,0xBE,闪,exact_hzk16_bitmap
406,0xB4,0xBF,技,exact_hzk16_bitmap
407,0xB4,0xC0,马,exact_hzk16_bitmap
408,0xB4,0xC1,丢,exact_hzk16_bitmap
409,0xB4,0xC2,哪,exact_hzk16_bitmap
410,0xB4,0xC3,学,exact_hzk16_bitmap
411,0xB4,0xC4,清,exact_hzk16_bitmap
412,0xB4,0xC5,楚,exact_hzk16_bitmap
413,0xB4,0xC6,直,exact_hzk16_bitmap
414,0xB4,0xC7,提,exact_hzk16_bitmap
415,0xB4,0xC8,升,exact_hzk16_bitmap
416,0xB4,0xC9,防,exact_hzk16_bitmap
417,0xB4,0xCA,御,exact_hzk16_bitmap
418,0xB4,0xCB,趣,exact_hzk16_bitmap
419,0xB4,0xCC,养,exact_hzk16_bitmap
420,0xB4,0xCD,利,exact_hzk16_bitmap
421,0xB4,0xCE,修,exact_hzk16_bitmap
422,0xB4,0xCF,华,exact_hzk16_bitmap
423,0xB4,0xD0,蓝,exact_hzk16_bitmap
424,0xB4,0xD1,市,exact_hzk16_bitmap
425,0xB4,0xD2,愧,exact_hzk16_bitmap
426,0xB4,0xD3,迷,exact_hzk16_bitmap
427,0xB4,0xD4,裙,exact_hzk16_bitmap
428,0xB4,0xD5,边,exact_hzk16_bitmap
429,0xB4,0xD6,继,exact_hzk16_bitmap
430,0xB4,0xD7,续,exact_hzk16_bitmap
431,0xB4,0xD8,森,exact_hzk16_bitmap
432,0xB4,0xD9,林,exact_hzk16_bitmap
433,0xB4,0xDA,遇,exact_hzk16_bitmap
434,0xB4,0xDB,伙,exact_hzk16_bitmap
435,0xB4,0xDC,谈,exact_hzk16_bitmap
436,0xB4,0xDD,穿,exact_hzk16_bitmap
437,0xB4,0xDE,短,exact_hzk16_bitmap
438,0xB4,0xDF,裤,exact_hzk16_bitmap
439,0xB4,0xE0,活,exact_hzk16_bitmap
440,0xB4,0xE1,脑,exact_hzk16_bitmap
441,0xB4,0xE2,捕,exact_hzk16_bitmap
442,0xB4,0xE3,妖,exact_hzk16_bitmap
443,0xB4,0xE4,超,exact_hzk16_bitmap
444,0xB4,0xE5,六,exact_hzk16_bitmap
445,0xB4,0xE6,立,exact_hzk16_bitmap
446,0xB4,0xE7,刻,exact_hzk16_bitmap
447,0xB4,0xE8,搞,exact_hzk16_bitmap
448,0xB4,0xE9,线,exact_hzk16_bitmap
449,0xB4,0xEA,令,exact_hzk16_bitmap
450,0xB4,0xEB,架,exact_hzk16_bitmap
451,0xB4,0xEC,呀,exact_hzk16_bitmap
452,0xB4,0xED,摸,exact_hzk16_bitmap
453,0xB4,0xEE,身,exact_hzk16_bitmap
454,0xB4,0xEF,原,exact_hzk16_bitmap
455,0xB4,0xF0,误,exact_hzk16_bitmap
456,0xB4,0xF1,消,exact_hzk16_bitmap
457,0xB4,0xF2,息,exact_hzk16_bitmap
458,0xB4,0xF3,秘,exact_hzk16_bitmap
459,0xB4,0xF4,密,exact_hzk16_bitmap
460,0xB4,0xF5,鲤,exact_hzk16_bitmap
461,0xB4,0xF6,鱼,exact_hzk16_bitmap
462,0xB4,0xF7,王,exact_hzk16_bitmap
463,0xB4,0xF8,卖,exact_hzk16_bitmap
464,0xB4,0xF9,元,exact_hzk16_bitmap
465,0xB4,0xFA,疑,exact_hzk16_bitmap
466,0xB4,0xFB,洞,exact_hzk16_bitmap
467,0xB4,0xFC,内,exact_hzk16_bitmap
468,0xB4,0xFD,徘,exact_hzk16_bitmap
469,0xB4,0xFE,徊,exact_hzk16_bitmap
470,0xB5,0xA1,骗,exact_hzk16_bitmap
471,0xB5,0xA2,火,exact_hzk16_bitmap
472,0xB5,0xA3,箭,exact_hzk16_bitmap
473,0xB5,0xA4,队,exact_hzk16_bitmap
474,0xB5,0xA5,干,exact_hzk16_bitmap
475,0xB5,0xA6,分,exact_hzk16_bitmap
476,0xB5,0xA7,散,exact_hzk16_bitmap
477,0xB5,0xA8,朋,exact_hzk16_bitmap
478,0xB5,0xA9,友,exact_hzk16_bitmap
479,0xB5,0xAA,棒,exact_hzk16_bitmap
480,0xB5,0xAB,化,exact_hzk16_bitmap
481,0xB5,0xAC,黑,exact_hzk16_bitmap
482,0xB5,0xAD,党,exact_hzk16_bitmap
483,0xB5,0xAE,组,exact_hzk16_bitmap
484,0xB5,0xAF,织,exact_hzk16_bitmap
485,0xB5,0xB0,又,exact_hzk16_bitmap
486,0xB5,0xB1,恐,exact_hzk16_bitmap
487,0xB5,0xB2,怖,exact_hzk16_bitmap
488,0xB5,0xB3,哇,exact_hzk16_bitmap
489,0xB5,0xB4,突,exact_hzk16_bitmap
490,0xB5,0xB5,隆,exact_hzk16_bitmap
491,0xB5,0xB6,宽,exact_hzk16_bitmap
492,0xB5,0xB7,阔,exact_hzk16_bitmap
493,0xB5,0xB8,口,exact_hzk16_bitmap
494,0xB5,0xB9,重,exact_hzk16_bitmap
495,0xB5,0xBA,蛮,exact_hzk16_bitmap
496,0xB5,0xBB,入,exact_hzk16_bitmap
497,0xB5,0xBC,叔,exact_hzk16_bitmap
498,0xB5,0xBD,吓,exact_hzk16_bitmap
499,0xB5,0xBE,阴,exact_hzk16_bitmap
500,0xB5,0xBF,暗,exact_hzk16_bitmap
501,0xB5,0xC0,闲,exact_hzk16_bitmap
502,0xB5,0xC1,逛,exact_hzk16_bitmap
503,0xB5,0xC2,随,exact_hzk16_bitmap
504,0xB5,0xC3,闯,exact_hzk16_bitmap
505,0xB5,0xC4,探,exact_hzk16_bitmap
506,0xB5,0xC5,珍,exact_hzk16_bitmap
507,0xB5,0xC6,奇,exact_hzk16_bitmap
508,0xB5,0xC7,两,exact_hzk16_bitmap
509,0xB5,0xC8,各,exact_hzk16_bitmap
510,0xB5,0xC9,独,exact_hzk16_bitmap
511,0xB5,0xCA,吞,exact_hzk16_bitmap
512,0xB5,0xCB,哟,exact_hzk16_bitmap
513,0xB5,0xCC,离,exact_hzk16_bitmap
514,0xB5,0xCD,远,exact_hzk16_bitmap
515,0xB5,0xCE,红,exact_hzk16_bitmap
516,0xB5,0xCF,莲,exact_hzk16_bitmap
517,0xB5,0xD0,岛,exact_hzk16_bitmap
518,0xB5,0xD1,武,exact_hzk16_bitmap
519,0xB5,0xD2,藏,exact_hzk16_bitmap
520,0xB5,0xD3,诚,exact_hzk16_bitmap
521,0xB5,0xD4,问,exact_hzk16_bitmap
522,0xB5,0xD5,郎,exact_hzk16_bitmap
523,0xB5,0xD6,慈,exact_hzk16_bitmap
524,0xB5,0xD7,悲,exact_hzk16_bitmap
525,0xB5,0xD8,止,exact_hzk16_bitmap
526,0xB5,0xD9,破,exact_hzk16_bitmap
527,0xB5,0xDA,维,exact_hzk16_bitmap
528,0xB5,0xDB,护,exact_hzk16_bitmap
529,0xB5,0xDC,平,exact_hzk16_bitmap
530,0xB5,0xDD,爱,exact_hzk16_bitmap
531,0xB5,0xDE,实,exact_hzk16_bitmap
532,0xB5,0xDF,罪,exact_hzk16_bitmap
533,0xB5,0xE0,恶,exact_hzk16_bitmap
534,0xB5,0xE1,魅,exact_hzk16_bitmap
535,0xB5,0xE2,派,exact_hzk16_bitmap
536,0xB5,0xE3,银,exact_hzk16_bitmap
537,0xB5,0xE4,河,exact_hzk16_bitmap
538,0xB5,0xE5,白,exact_hzk16_bitmap
539,0xB5,0xE6,明,exact_hzk16_bitmap
540,0xB5,0xE7,喵,exact_hzk16_bitmap
541,0xB5,0xE8,讨,exact_hzk16_bitmap
542,0xB5,0xE9,厌,exact_hzk16_bitmap
543,0xB5,0xEA,感,exact_hzk16_bitmap
544,0xB5,0xEB,觉,exact_hzk16_bitmap
545,0xB5,0xEC,警,exact_hzk16_bitmap
546,0xB5,0xED,怜,exact_hzk16_bitmap
547,0xB5,0xEE,糟,exact_hzk16_bitmap
548,0xB5,0xEF,偷,exact_hzk16_bitmap
549,0xB5,0xF0,犯,exact_hzk16_bitmap
550,0xB5,0xF1,谁,exact_hzk16_bitmap
551,0xB5,0xF2,疼,exact_hzk16_bitmap
552,0xB5,0xF3,建,exact_hzk16_bitmap
553,0xB5,0xF4,议,exact_hzk16_bitmap
554,0xB5,0xF5,阿,exact_hzk16_bitmap
555,0xB5,0xF6,霞,exact_hzk16_bitmap
556,0xB5,0xF7,水,exact_hzk16_bitmap
557,0xB5,0xF8,植,exact_hzk16_bitmap
558,0xB5,0xF9,吸,exact_hzk16_bitmap
559,0xB5,0xFA,痹,exact_hzk16_bitmap
560,0xB5,0xFB,游,exact_hzk16_bitmap
561,0xB5,0xFC,泳,exact_hzk16_bitmap
562,0xB5,0xFD,位,exact_hzk16_bitmap
563,0xB5,0xFE,付,exact_hzk16_bitmap
564,0xB6,0xA1,失,exact_hzk16_bitmap
565,0xB6,0xA2,败,exact_hzk16_bitmap
566,0xB6,0xA3,培,exact_hzk16_bitmap
567,0xB6,0xA4,策,exact_hzk16_bitmap
568,0xB6,0xA5,略,exact_hzk16_bitmap
569,0xB6,0xA6,它,exact_hzk16_bitmap
570,0xB6,0xA7,第,exact_hzk16_bitmap
571,0xB6,0xA8,美,exact_hzk16_bitmap
572,0xB6,0xA9,拥,exact_hzk16_bitmap
573,0xB6,0xAA,送,exact_hzk16_bitmap
574,0xB6,0xAB,泡,exact_hzk16_bitmap
575,0xB6,0xAC,沫,exact_hzk16_bitmap
576,0xB6,0xAD,种,exact_hzk16_bitmap
577,0xB6,0xAE,困,exact_hzk16_bitmap
578,0xB6,0xAF,惑,exact_hzk16_bitmap
579,0xB6,0xB0,沙,exact_hzk16_bitmap
580,0xB6,0xB1,许,exact_hzk16_bitmap
581,0xB6,0xB2,贵,exact_hzk16_bitmap
582,0xB6,0xB3,耶,exact_hzk16_bitmap
583,0xB6,0xB4,福,exact_hzk16_bitmap
584,0xB6,0xB5,几,exact_hzk16_bitmap
585,0xB6,0xB6,总,exact_hzk16_bitmap
586,0xB6,0xB7,收,exact_hzk16_bitmap
587,0xB6,0xB8,集,exact_hzk16_bitmap
588,0xB6,0xB9,应,exact_hzk16_bitmap
589,0xB6,0xBA,连,exact_hzk16_bitmap
590,0xB6,0xBB,五,exact_hzk16_bitmap
591,0xB6,0xBC,丰,exact_hzk16_bitmap
592,0xB6,0xBD,富,exact_hzk16_bitmap
593,0xB6,0xBE,奖,exact_hzk16_bitmap
594,0xB6,0xBF,品,exact_hzk16_bitmap
595,0xB6,0xC0,全,exact_hzk16_bitmap
596,0xB6,0xC1,部,exact_hzk16_bitmap
597,0xB6,0xC2,二,exact_hzk16_bitmap
598,0xB6,0xC3,承,exact_hzk16_bitmap
599,0xB6,0xC4,三,exact_hzk16_bitmap
600,0xB6,0xC5,登,exact_hzk16_bitmap
601,0xB6,0xC6,太,exact_hzk16_bitmap
602,0xB6,0xC7,引,exact_hzk16_bitmap
603,0xB6,0xC8,注,exact_hzk16_bitmap
604,0xB6,0xC9,今,exact_hzk16_bitmap
605,0xB6,0xCA,彩,exact_hzk16_bitmap
606,0xB6,0xCB,按,exact_hzk16_bitmap
607,0xB6,0xCC,照,exact_hzk16_bitmap
608,0xB6,0xCD,约,exact_hzk16_bitmap
609,0xB6,0xCE,礼,exact_hzk16_bitmap
610,0xB6,0xCF,月,exact_hzk16_bitmap
611,0xB6,0xD0,专,exact_hzk16_bitmap
612,0xB6,0xD1,扩,exact_hzk16_bitmap
613,0xB6,0xD2,充,exact_hzk16_bitmap
614,0xB6,0xD3,皮,exact_hzk16_bitmap
615,0xB6,0xD4,团,exact_hzk16_bitmap
616,0xB6,0xD5,堆,exact_hzk16_bitmap
617,0xB6,0xD6,表,exact_hzk16_bitmap
618,0xB6,0xD7,狠,exact_hzk16_bitmap
619,0xB6,0xD8,育,exact_hzk16_bitmap
620,0xB6,0xD9,龙,exact_hzk16_bitmap
621,0xB6,0xDA,何,exact_hzk16_bitmap
622,0xB6,0xDB,观,exact_hzk16_bitmap
623,0xB6,0xDC,山,exact_hzk16_bitmap
624,0xB6,0xDD,神,exact_hzk16_bitmap
625,0xB6,0xDE,片,exact_hzk16_bitmap
626,0xB6,0xDF,屋,exact_hzk16_bitmap
627,0xB6,0xE0,先,exact_hzk16_bitmap
628,0xB6,0xE1,枯,exact_hzk16_bitmap
629,0xB6,0xE2,叶,exact_hzk16_bitmap
630,0xB6,0xE3,港,exact_hzk16_bitmap
631,0xB6,0xE4,铁,exact_hzk16_bitmap
632,0xB6,0xE5,达,exact_hzk16_bitmap
633,0xB6,0xE6,号,exact_hzk16_bitmap
634,0xB6,0xE7,舞,exact_hzk16_bitmap
635,0xB6,0xE8,爸,exact_hzk16_bitmap
636,0xB6,0xE9,羡,exact_hzk16_bitmap
637,0xB6,0xEA,慕,exact_hzk16_bitmap
638,0xB6,0xEB,喜,exact_hzk16_bitmap
639,0xB6,0xEC,预,exact_hzk16_bitmap
640,0xB6,0xED,恨,exact_hzk16_bitmap
641,0xB6,0xEE,眼,exact_hzk16_bitmap
642,0xB6,0xEF,验,exact_hzk16_bitmap
643,0xB6,0xF0,粘,exact_hzk16_bitmap
644,0xB6,0xF1,救,exact_hzk16_bitmap
645,0xB6,0xF2,传,exact_hzk16_bitmap
646,0xB6,0xF3,程,exact_hzk16_bitmap
647,0xB6,0xF4,序,exact_hzk16_bitmap
648,0xB6,0xF5,获,exact_hzk16_bitmap
649,0xB6,0xF6,船,exact_hzk16_bitmap
650,0xB6,0xF7,票,exact_hzk16_bitmap
651,0xB6,0xF8,搜,exact_hzk16_bitmap
652,0xB6,0xF9,张,exact_hzk16_bitmap
653,0xB6,0xFA,类,exact_hzk16_bitmap
654,0xB6,0xFB,际,exact_hzk16_bitmap
655,0xB6,0xFC,海,exact_hzk16_bitmap
656,0xB6,0xFD,花,exact_hzk16_bitmap
657,0xB6,0xFE,园,exact_hzk16_bitmap
658,0xB7,0xA1,路,exact_hzk16_bitmap
659,0xB7,0xA2,敢,exact_hzk16_bitmap
660,0xB7,0xA3,饶,exact_hzk16_bitmap
661,0xB7,0xA4,责,exact_hzk16_bitmap
662,0xB7,0xA5,渴,exact_hzk16_bitmap
663,0xB7,0xA6,禁,exact_hzk16_bitmap
664,0xB7,0xA7,惯,exact_hzk16_bitmap
665,0xB7,0xA8,顺,exact_hzk16_bitmap
666,0xB7,0xA9,欠,exact_hzk16_bitmap
667,0xB7,0xAA,缺,exact_hzk16_bitmap
668,0xB7,0xAB,情,exact_hzk16_bitmap
669,0xB7,0xAC,君,exact_hzk16_bitmap
670,0xB7,0xAD,莎,exact_hzk16_bitmap
671,0xB7,0xAE,剧,exact_hzk16_bitmap
672,0xB7,0xAF,杰,exact_hzk16_bitmap
673,0xB7,0xB0,龟,exact_hzk16_bitmap
674,0xB7,0xB1,客,exact_hzk16_bitmap
675,0xB7,0xB2,鬼,exact_hzk16_bitmap
676,0xB7,0xB3,艘,exact_hzk16_bitmap
677,0xB7,0xB4,绅,exact_hzk16_bitmap
678,0xB7,0xB5,宝,exact_hzk16_bitmap
679,0xB7,0xB6,陆,exact_hzk16_bitmap
680,0xB7,0xB7,羞,exact_hzk16_bitmap
681,0xB7,0xB8,区,exact_hzk16_bitmap
682,0xB7,0xB9,舒,exact_hzk16_bitmap
683,0xB7,0xBA,服,exact_hzk16_bitmap
684,0xB7,0xBB,金,exact_hzk16_bitmap
685,0xB7,0xBC,胖,exact_hzk16_bitmap
686,0xB7,0xBD,钓,exact_hzk16_bitmap
687,0xB7,0xBE,货,exact_hzk16_bitmap
688,0xB7,0xBF,努,exact_hzk16_bitmap
689,0xB7,0xC0,炼,exact_hzk16_bitmap
690,0xB7,0xC1,旅,exact_hzk16_bitmap
691,0xB7,0xC2,纪,exact_hzk16_bitmap
692,0xB7,0xC3,走,exact_hzk16_bitmap
693,0xB7,0xC4,乱,exact_hzk16_bitmap
694,0xB7,0xC5,您,exact_hzk16_bitmap
695,0xB7,0xC6,参,exact_hzk16_bitmap
696,0xB7,0xC7,双,exact_hzk16_bitmap
697,0xB7,0xC8,胞,exact_hzk16_bitmap
698,0xB7,0xC9,胎,exact_hzk16_bitmap
699,0xB7,0xCA,伟,exact_hzk16_bitmap
700,0xB7,0xCB,愉,exact_hzk16_bitmap
701,0xB7,0xCC,饭,exact_hzk16_bitmap
702,0xB7,0xCD,候,exact_hzk16_bitmap
703,0xB7,0xCE,减,exact_hzk16_bitmap
704,0xB7,0xCF,肥,exact_hzk16_bitmap
705,0xB7,0xD0,儿,exact_hzk16_bitmap
706,0xB7,0xD1,婿,exact_hzk16_bitmap
707,0xB7,0xD2,邀,exact_hzk16_bitmap
708,0xB7,0xD3,十,exact_hzk16_bitmap
709,0xB7,0xD4,步,exact_hzk16_bitmap
710,0xB7,0xD5,竟,exact_hzk16_bitmap
711,0xB7,0xD6,晕,exact_hzk16_bitmap
712,0xB7,0xD7,帮,exact_hzk16_bitmap
713,0xB7,0xD8,拍,exact_hzk16_bitmap
714,0xB7,0xD9,点,exact_hzk16_bitmap
715,0xB7,0xDA,演,exact_hzk16_bitmap
716,0xB7,0xDB,教,exact_hzk16_bitmap
717,0xB7,0xDC,其,exact_hzk16_bitmap
718,0xB7,0xDD,斯,exact_hzk16_bitmap
719,0xB7,0xDE,佐,exact_hzk16_bitmap
720,0xB7,0xDF,外,exact_hzk16_bitmap
721,0xB7,0xE0,国,exact_hzk16_bitmap
722,0xB7,0xE1,适,exact_hzk16_bitmap
723,0xB7,0xE2,兵,exact_hzk16_bitmap
724,0xB7,0xE3,贝,exact_hzk16_bitmap
725,0xB7,0xE4,凭,exact_hzk16_bitmap
726,0xB7,0xE5,微,exact_hzk16_bitmap
727,0xB7,0xE6,弱,exact_hzk16_bitmap
728,0xB7,0xE7,胆,exact_hzk16_bitmap
729,0xB7,0xE8,简,exact_hzk16_bitmap
730,0xB7,0xE9,单,exact_hzk16_bitmap
731,0xB7,0xEA,尝,exact_hzk16_bitmap
732,0xB7,0xEB,橙,exact_hzk16_bitmap
733,0xB7,0xEC,鼠,exact_hzk16_bitmap
734,0xB7,0xED,挖,exact_hzk16_bitmap
735,0xB7,0xEE,亮,exact_hzk16_bitmap
736,0xB7,0xEF,扰,exact_hzk16_bitmap
737,0xB7,0xF0,休,exact_hzk16_bitmap
738,0xB7,0xF1,貌,exact_hzk16_bitmap
739,0xB7,0xF2,计,exact_hzk16_bitmap
740,0xB7,0xF3,敌,exact_hzk16_bitmap
741,0xB7,0xF4,脸,exact_hzk16_bitmap
742,0xB7,0xF5,论,exact_hzk16_bitmap
743,0xB7,0xF6,决,exact_hzk16_bitmap
744,0xB7,0xF7,负,exact_hzk16_bitmap
745,0xB7,0xF8,运,exact_hzk16_bitmap
746,0xB7,0xF9,蛋,exact_hzk16_bitmap
747,0xB7,0xFA,肚,exact_hzk16_bitmap
748,0xB7,0xFB,终,exact_hzk16_bitmap
749,0xB7,0xFC,妙,exact_hzk16_bitmap
750,0xB7,0xFD,蛙,exact_hzk16_bitmap
751,0xB7,0xFE,英,exact_hzk16_bitmap
752,0xB8,0xA1,俊,exact_hzk16_bitmap
753,0xB8,0xA2,欣,exact_hzk16_bitmap
754,0xB8,0xA3,赏,exact_hzk16_bitmap
755,0xB8,0xA4,碰,exact_hzk16_bitmap
756,0xB8,0xA5,思,exact_hzk16_bitmap
757,0xB8,0xA6,忠,exact_hzk16_bitmap
758,0xB8,0xA7,鸟,exact_hzk16_bitmap
759,0xB8,0xA8,职,exact_hzk16_bitmap
760,0xB8,0xA9,佩,exact_hzk16_bitmap
761,0xB8,0xAA,勇,exact_hzk16_bitmap
762,0xB8,0xAB,掉,exact_hzk16_bitmap
763,0xB8,0xAC,怕,exact_hzk16_bitmap
764,0xB8,0xAD,辈,exact_hzk16_bitmap
765,0xB8,0xAE,锻,exact_hzk16_bitmap
766,0xB8,0xAF,高,exact_hzk16_bitmap
767,0xB8,0xB0,兴,exact_hzk16_bitmap
768,0xB8,0xB1,塌,exact_hzk16_bitmap
769,0xB8,0xB2,级,exact_hzk16_bitmap
770,0xB8,0xB3,胃,exact_hzk16_bitmap
771,0xB8,0xB4,象,exact_hzk16_bitmap
772,0xB8,0xB5,聊,exact_hzk16_bitmap
773,0xB8,0xB6,轻,exact_hzk16_bitmap
774,0xB8,0xB7,松,exact_hzk16_bitmap
775,0xB8,0xB8,吉,exact_hzk16_bitmap
776,0xB8,0xB9,跑,exact_hzk16_bitmap
777,0xB8,0xBA,混,exact_hzk16_bitmap
778,0xB8,0xBB,拉,exact_hzk16_bitmap
779,0xB8,0xBC,杀,exact_hzk16_bitmap
780,0xB8,0xBD,幽,exact_hzk16_bitmap
781,0xB8,0xBE,塔,exact_hzk16_bitmap
782,0xB8,0xBF,安,exact_hzk16_bitmap
783,0xB8,0xC0,慰,exact_hzk16_bitmap
784,0xB8,0xC1,死,exact_hzk16_bitmap
785,0xB8,0xC2,盖,exact_hzk16_bitmap
786,0xB8,0xC3,祈,exact_hzk16_bitmap
787,0xB8,0xC4,祷,exact_hzk16_bitmap
788,0xB8,0xC5,凸,exact_hzk16_bitmap
789,0xB8,0xC6,魂,exact_hzk16_bitmap
790,0xB8,0xC7,怀,exact_hzk16_bitmap
791,0xB8,0xC8,糕,exact_hzk16_bitmap
792,0xB8,0xC9,哭,exact_hzk16_bitmap
793,0xB8,0xCA,深,exact_hzk16_bitmap
794,0xB8,0xCB,站,exact_hzk16_bitmap
795,0xB8,0xCC,八,exact_hzk16_bitmap
796,0xB8,0xCD,枉,exact_hzk16_bitmap
797,0xB8,0xCE,嘎,exact_hzk16_bitmap
798,0xB8,0xCF,同,exact_hzk16_bitmap
799,0xB8,0xD0,忙,exact_hzk16_bitmap
800,0xB8,0xD1,镜,exact_hzk16_bitmap
801,0xB8,0xD2,吹,exact_hzk16_bitmap
802,0xB8,0xD3,眠,exact_hzk16_bitmap
803,0xB8,0xD4,焰,exact_hzk16_bitmap
804,0xB8,0xD5,忍,exact_hzk16_bitmap
805,0xB8,0xD6,臭,exact_hzk16_bitmap
806,0xB8,0xD7,泥,exact_hzk16_bitmap
807,0xB8,0xD8,毒,exact_hzk16_bitmap
808,0xB8,0xD9,慢,exact_hzk16_bitmap
809,0xB8,0xDA,招,exact_hzk16_bitmap
810,0xB8,0xDB,财,exact_hzk16_bitmap
811,0xB8,0xDC,猫,exact_hzk16_bitmap
812,0xB8,0xDD,带,exact_hzk16_bitmap
813,0xB8,0xDE,普,exact_hzk16_bitmap
814,0xB8,0xDF,笛,exact_hzk16_bitmap
815,0xB8,0xE0,殊,exact_hzk16_bitmap
816,0xB8,0xE1,声,exact_hzk16_bitmap
817,0xB8,0xE2,音,exact_hzk16_bitmap
818,0xB8,0xE3,姨,exact_hzk16_bitmap
819,0xB8,0xE4,营,exact_hzk16_bitmap
820,0xB8,0xE5,业,exact_hzk16_bitmap
821,0xB8,0xE6,百,exact_hzk16_bitmap
822,0xB8,0xE7,幸,exact_hzk16_bitmap
823,0xB8,0xE8,支,exact_hzk16_bitmap
824,0xB8,0xE9,矿,exact_hzk16_bitmap
825,0xB8,0xEA,泉,exact_hzk16_bitmap
826,0xB8,0xEB,念,exact_hzk16_bitmap
827,0xB8,0xEC,绘,exact_hzk16_bitmap
828,0xB8,0xED,画,exact_hzk16_bitmap
829,0xB8,0xEE,优,exact_hzk16_bitmap
830,0xB8,0xEF,写,exact_hzk16_bitmap
831,0xB8,0xF0,魏,exact_hzk16_bitmap
832,0xB8,0xF1,村,exact_hzk16_bitmap
833,0xB8,0xF2,夫,exact_hzk16_bitmap
834,0xB8,0xF3,哎,exact_hzk16_bitmap
835,0xB8,0xF4,油,exact_hzk16_bitmap
836,0xB8,0xF5,蓓,exact_hzk16_bitmap
837,0xB8,0xF6,依,exact_hzk16_bitmap
838,0xB8,0xF7,布,exact_hzk16_bitmap
839,0xB8,0xF8,李,exact_hzk16_bitmap
840,0xB8,0xF9,千,exact_hzk16_bitmap
841,0xB8,0xFA,佳,exact_hzk16_bitmap
842,0xB8,0xFB,丽,exact_hzk16_bitmap
843,0xB8,0xFC,亚,exact_hzk16_bitmap
844,0xB8,0xFD,虹,exact_hzk16_bitmap
845,0xB8,0xFE,插,exact_hzk16_bitmap
846,0xB9,0xA1,赛,exact_hzk16_bitmap
847,0xB9,0xA2,奉,exact_hzk16_bitmap
848,0xB9,0xA3,报,exact_hzk16_bitmap
849,0xB9,0xA4,基,exact_hzk16_bitmap
850,0xB9,0xA5,络,exact_hzk16_bitmap
851,0xB9,0xA6,钮,exact_hzk16_bitmap
852,0xB9,0xA7,悄,exact_hzk16_bitmap
853,0xB9,0xA8,潜,exact_hzk16_bitmap
854,0xB9,0xA9,嚣,exact_hzk16_bitmap
855,0xB9,0xAA,侵,exact_hzk16_bitmap
856,0xB9,0xAB,者,exact_hzk16_bitmap
857,0xB9,0xAC,途,exact_hzk16_bitmap
858,0xB9,0xAD,捣,exact_hzk16_bitmap
859,0xB9,0xAE,旧,exact_hzk16_bitmap
860,0xB9,0xAF,帐,exact_hzk16_bitmap
861,0xB9,0xB0,易,exact_hzk16_bitmap
862,0xB9,0xB1,字,exact_hzk16_bitmap
863,0xB9,0xB2,抗,exact_hzk16_bitmap
864,0xB9,0xB3,吃,exact_hzk16_bitmap
865,0xB9,0xB4,理,exact_hzk16_bitmap
866,0xB9,0xB5,解,exact_hzk16_bitmap
867,0xB9,0xB6,陪,exact_hzk16_bitmap
868,0xB9,0xB7,隐,exact_hzk16_bitmap
869,0xB9,0xB8,邪,exact_hzk16_bitmap
870,0xB9,0xB9,暴,exact_hzk16_bitmap
871,0xB9,0xBA,诅,exact_hzk16_bitmap
872,0xB9,0xBB,咒,exact_hzk16_bitmap
873,0xB9,0xBC,婆,exact_hzk16_bitmap
874,0xB9,0xBD,呜,exact_hzk16_bitmap
875,0xB9,0xBE,累,exact_hzk16_bitmap
876,0xB9,0xBF,贫,exact_hzk16_bitmap
877,0xB9,0xC0,血,exact_hzk16_bitmap
878,0xB9,0xC1,僵,exact_hzk16_bitmap
879,0xB9,0xC2,尸,exact_hzk16_bitmap
880,0xB9,0xC3,康,exact_hzk16_bitmap
881,0xB9,0xC4,颤,exact_hzk16_bitmap
882,0xB9,0xC5,抖,exact_hzk16_bitmap
883,0xB9,0xC6,嘻,exact_hzk16_bitmap
884,0xB9,0xC7,伤,exact_hzk16_bitmap
885,0xB9,0xC8,温,exact_hzk16_bitmap
886,0xB9,0xC9,柔,exact_hzk16_bitmap
887,0xB9,0xCA,缠,exact_hzk16_bitmap
888,0xB9,0xCB,诫,exact_hzk16_bitmap
889,0xB9,0xCC,母,exact_hzk16_bitmap
890,0xB9,0xCD,助,exact_hzk16_bitmap
891,0xB9,0xCE,熟,exact_hzk16_bitmap
892,0xB9,0xCF,唤,exact_hzk16_bitmap
893,0xB9,0xD0,克,exact_hzk16_bitmap
894,0xB9,0xD1,栽,exact_hzk16_bitmap
895,0xB9,0xD2,求,exact_hzk16_bitmap
896,0xB9,0xD3,漂,exact_hzk16_bitmap
897,0xB9,0xD4,速,exact_hzk16_bitmap
898,0xB9,0xD5,度,exact_hzk16_bitmap
899,0xB9,0xD6,切,exact_hzk16_bitmap
900,0xB9,0xD7,流,exact_hzk16_bitmap
901,0xB9,0xD8,缘,exact_hzk16_bitmap
902,0xB9,0xD9,欺,exact_hzk16_bitmap
903,0xB9,0xDA,甚,exact_hzk16_bitmap
904,0xB9,0xDB,确,exact_hzk16_bitmap
905,0xB9,0xDC,哥,exact_hzk16_bitmap
906,0xB9,0xDD,族,exact_hzk16_bitmap
907,0xB9,0xDE,狩,exact_hzk16_bitmap
908,0xB9,0xDF,猎,exact_hzk16_bitmap
909,0xB9,0xE0,婶,exact_hzk16_bitmap
910,0xB9,0xE1,星,exact_hzk16_bitmap
911,0xB9,0xE2,懂,exact_hzk16_bitmap
912,0xB9,0xE3,偶,exact_hzk16_bitmap
913,0xB9,0xE4,讲,exact_hzk16_bitmap
914,0xB9,0xE5,义,exact_hzk16_bitmap
915,0xB9,0xE6,孕,exact_hzk16_bitmap
916,0xB9,0xE7,滚,exact_hzk16_bitmap
917,0xB9,0xE8,浅,exact_hzk16_bitmap
918,0xB9,0xE9,栋,exact_hzk16_bitmap
919,0xB9,0xEA,房,exact_hzk16_bitmap
920,0xB9,0xEB,睛,exact_hzk16_bitmap
921,0xB9,0xEC,墙,exact_hzk16_bitmap
922,0xB9,0xED,幻,exact_hzk16_bitmap
923,0xB9,0xEE,久,exact_hzk16_bitmap
924,0xB9,0xEF,首,exact_hzk16_bitmap
925,0xB9,0xF0,乔,exact_hzk16_bitmap
926,0xB9,0xF1,条,exact_hzk16_bitmap
927,0xB9,0xF2,艺,exact_hzk16_bitmap
928,0xB9,0xF3,套,exact_hzk16_bitmap
929,0xB9,0xF4,广,exact_hzk16_bitmap
930,0xB9,0xF5,祝,exact_hzk16_bitmap
931,0xB9,0xF6,件,exact_hzk16_bitmap
932,0xB9,0xF7,坐,exact_hzk16_bitmap
933,0xB9,0xF8,且,exact_hzk16_bitmap
934,0xB9,0xF9,牙,exact_hzk16_bitmap
935,0xB9,0xFA,抱,exact_hzk16_bitmap
936,0xB9,0xFB,歉,exact_hzk16_bitmap
937,0xB9,0xFC,假,exact_hzk16_bitmap
938,0xB9,0xFD,室,exact_hzk16_bitmap
939,0xB9,0xFE,露,exact_hzk16_bitmap
940,0xBA,0xA1,挡,exact_hzk16_bitmap
941,0xBA,0xA2,答,exact_hzk16_bitmap
942,0xBA,0xA3,占,exact_hzk16_bitmap
943,0xBA,0xA4,兄,exact_hzk16_bitmap
944,0xBA,0xA5,弟,exact_hzk16_bitmap
945,0xBA,0xA6,控,exact_hzk16_bitmap
946,0xBA,0xA7,价,exact_hzk16_bitmap
947,0xBA,0xA8,倒,exact_hzk16_bitmap
948,0xBA,0xA9,足,exact_hzk16_bitmap
949,0xBA,0xAA,夸,exact_hzk16_bitmap
950,0xBA,0xAB,社,exact_hzk16_bitmap
951,0xBA,0xAC,容,exact_hzk16_bitmap
952,0xBA,0xAD,据,exact_hzk16_bitmap
953,0xBA,0xAE,岁,exact_hzk16_bitmap
954,0xBA,0xAF,逼,exact_hzk16_bitmap
955,0xBA,0xB0,仇,exact_hzk16_bitmap
956,0xBA,0xB1,嘴,exact_hzk16_bitmap
957,0xBA,0xB2,灭,exact_hzk16_bitmap
958,0xBA,0xB3,书,exact_hzk16_bitmap
959,0xBA,0xB4,激,exact_hzk16_bitmap
960,0xBA,0xB5,恩,exact_hzk16_bitmap
961,0xBA,0xB6,格,exact_hzk16_bitmap
962,0xBA,0xB7,聚,exact_hzk16_bitmap
963,0xBA,0xB8,悟,exact_hzk16_bitmap
964,0xBA,0xB9,踢,exact_hzk16_bitmap
965,0xBA,0xBA,恕,exact_hzk16_bitmap
966,0xBA,0xBB,悔,exact_hzk16_bitmap
967,0xBA,0xBC,摘,exact_hzk16_bitmap
968,0xBA,0xBD,牌,exact_hzk16_bitmap
969,0xBA,0xBE,艾,exact_hzk16_bitmap
970,0xBA,0xBF,娜,exact_hzk16_bitmap
971,0xBA,0xC0,梅,exact_hzk16_bitmap
972,0xBA,0xC1,掌,exact_hzk16_bitmap
973,0xBA,0xC2,黄,exact_hzk16_bitmap
974,0xBA,0xC3,曾,exact_hzk16_bitmap
975,0xBA,0xC4,靠,exact_hzk16_bitmap
976,0xBA,0xC5,必,exact_hzk16_bitmap
977,0xBA,0xC6,须,exact_hzk16_bitmap
978,0xBA,0xC7,性,exact_hzk16_bitmap
979,0xBA,0xC8,主,exact_hzk16_bitmap
980,0xBA,0xC9,阻,exact_hzk16_bitmap
981,0xBA,0xCA,波,exact_hzk16_bitmap
982,0xBA,0xCB,巨,exact_hzk16_bitmap
983,0xBA,0xCC,源,exact_hzk16_bitmap
984,0xBA,0xCD,孔,exact_hzk16_bitmap
985,0xBA,0xCE,惹,exact_hzk16_bitmap
986,0xBA,0xCF,盯,exact_hzk16_bitmap
987,0xBA,0xD0,帅,exact_hzk16_bitmap
988,0xBA,0xD1,愁,exact_hzk16_bitmap
989,0xBA,0xD2,眉,exact_hzk16_bitmap
990,0xBA,0xD3,揍,exact_hzk16_bitmap
991,0xBA,0xD4,冻,exact_hzk16_bitmap
992,0xBA,0xD5,滑,exact_hzk16_bitmap
993,0xBA,0xD6,雪,exact_hzk16_bitmap
994,0xBA,0xD7,耳,exact_hzk16_bitmap
995,0xBA,0xD8,朵,exact_hzk16_bitmap
996,0xBA,0xD9,爆,exact_hzk16_bitmap
997,0xBA,0xDA,况,exact_hzk16_bitmap
998,0xBA,0xDB,每,exact_hzk16_bitmap
999,0xBA,0xDC,古,exact_hzk16_bitmap
1000,0xBA,0xDD,代,exact_hzk16_bitmap
1001,0xBA,0xDE,菊,exact_hzk16_bitmap
1002,0xBA,0xDF,盔,exact_hzk16_bitmap
1003,0xBA,0xE0,毁,exact_hzk16_bitmap
1004,0xBA,0xE1,稀,exact_hzk16_bitmap
1005,0xBA,0xE2,热,exact_hzk16_bitmap
1006,0xBA,0xE3,桂,exact_hzk16_bitmap
1007,0xBA,0xE4,炎,exact_hzk16_bitmap
1008,0xBA,0xE5,盆,exact_hzk16_bitmap
1009,0xBA,0xE6,洗,exact_hzk16_bitmap
1010,0xBA,0xE7,烧,exact_hzk16_bitmap
1011,0xBA,0xE8,冰,exact_hzk16_bitmap
1012,0xBA,0xE9,汉,exact_hzk16_bitmap
1013,0xBA,0xEA,爽,exact_hzk16_bitmap
1014,0xBA,0xEB,改,exact_hzk16_bitmap
1015,0xBA,0xEC,甘,exact_hzk16_bitmap
1016,0xBA,0xED,伍,exact_hzk16_bitmap
1017,0xBA,0xEE,差,exact_hzk16_bitmap
1018,0xBA,0xEF,愤,exact_hzk16_bitmap
1019,0xBA,0xF0,怒,exact_hzk16_bitmap
1020,0xBA,0xF1,间,exact_hzk16_bitmap
1021,0xBA,0xF2,沟,exact_hzk16_bitmap
1022,0xBA,0xF3,法,contextual_reconstruction
1023,0xBA,0xF4,瓦,contextual_reconstruction
1024,0xBA,0xF5,状,exact_hzk16_bitmap
1025,0xBA,0xF6,态,exact_hzk16_bitmap
1026,0xBA,0xF7,值,exact_hzk16_bitmap
1027,0xBA,0xF8,键,exact_hzk16_bitmap
1028,0xBA,0xF9,盗,exact_hzk16_bitmap
1029,0xBA,0xFA,准,exact_hzk16_bitmap
1030,0xBA,0xFB,备,exact_hzk16_bitmap
1031,0xBA,0xFC,效,exact_hzk16_bitmap
1032,0xBA,0xFD,般,exact_hzk16_bitmap
1033,0xBA,0xFE,拔,exact_hzk16_bitmap
1034,0xBB,0xA1,群,exact_hzk16_bitmap
1035,0xBB,0xA2,损,exact_hzk16_bitmap
1036,0xBB,0xA3,己,exact_hzk16_bitmap
1037,0xBB,0xA4,迅,exact_hzk16_bitmap
1038,0xBB,0xA5,降,exact_hzk16_bitmap
1039,0xBB,0xA6,恭,exact_hzk16_bitmap
1040,0xBB,0xA7,阳,exact_hzk16_bitmap
1041,0xBB,0xA8,射,exact_hzk16_bitmap
1042,0xBB,0xA9,钻,exact_hzk16_bitmap
1043,0xBB,0xAA,蓄,exact_hzk16_bitmap
1044,0xBB,0xAB,舍,exact_hzk16_bitmap
1045,0xBB,0xAC,背,exact_hzk16_bitmap
1046,0xBB,0xAD,岩,exact_hzk16_bitmap
1047,0xBB,0xAE,钢,exact_hzk16_bitmap
1048,0xBB,0xAF,威,exact_hzk16_bitmap
1049,0xBB,0xB0,型,exact_hzk16_bitmap
1050,0xBB,0xB1,率,exact_hzk16_bitmap
1051,0xBB,0xB2,除,exact_hzk16_bitmap
1052,0xBB,0xB3,粉,exact_hzk16_bitmap
1053,0xBB,0xB4,箱,exact_hzk16_bitmap
1054,0xBB,0xB5,七,exact_hzk16_bitmap
1055,0xBB,0xB6,携,exact_hzk16_bitmap
1056,0xBB,0xB7,功,exact_hzk16_bitmap
1057,0xBB,0xB8,撞,exact_hzk16_bitmap
1058,0xBB,0xB9,药,exact_hzk16_bitmap
1059,0xBB,0xBA,喷,exact_hzk16_bitmap
1060,0xBB,0xBB,米,exact_hzk16_bitmap
1061,0xBB,0xBC,绿,exact_hzk16_bitmap
1062,0xBB,0xBD,毛,exact_hzk16_bitmap
1063,0xBB,0xBE,甲,exact_hzk16_bitmap
1064,0xBB,0xBF,蛹,exact_hzk16_bitmap
1065,0xBB,0xC0,巴,exact_hzk16_bitmap
1066,0xBB,0xC1,蝴,exact_hzk16_bitmap
1067,0xBB,0xC2,角,exact_hzk16_bitmap
1068,0xBB,0xC3,壳,exact_hzk16_bitmap
1069,0xBB,0xC4,昆,exact_hzk16_bitmap
1070,0xBB,0xC5,针,exact_hzk16_bitmap
1071,0xBB,0xC6,蜂,exact_hzk16_bitmap
1072,0xBB,0xC7,雕,exact_hzk16_bitmap
1073,0xBB,0xC8,烈,exact_hzk16_bitmap
1074,0xBB,0xC9,雀,exact_hzk16_bitmap
1075,0xBB,0xCA,柏,exact_hzk16_bitmap
1076,0xBB,0xCB,蛇,exact_hzk16_bitmap
1077,0xBB,0xCC,雷,exact_hzk16_bitmap
1078,0xBB,0xCD,兰,exact_hzk16_bitmap
1079,0xBB,0xCE,朗,exact_hzk16_bitmap
1080,0xBB,0xCF,诺,exact_hzk16_bitmap
1081,0xBB,0xD0,尾,exact_hzk16_bitmap
1082,0xBB,0xD1,九,exact_hzk16_bitmap
1083,0xBB,0xD2,丁,exact_hzk16_bitmap
1084,0xBB,0xD3,蝠,exact_hzk16_bitmap
1085,0xBB,0xD4,霸,exact_hzk16_bitmap
1086,0xBB,0xD5,末,exact_hzk16_bitmap
1087,0xBB,0xD6,蛾,exact_hzk16_bitmap
1088,0xBB,0xD7,鸭,exact_hzk16_bitmap
1089,0xBB,0xD8,猴,exact_hzk16_bitmap
1090,0xBB,0xD9,蒂,exact_hzk16_bitmap
1091,0xBB,0xDA,狗,exact_hzk16_bitmap
1092,0xBB,0xDB,风,exact_hzk16_bitmap
1093,0xBB,0xDC,犬,exact_hzk16_bitmap
1094,0xBB,0xDD,蚊,exact_hzk16_bitmap
1095,0xBB,0xDE,香,exact_hzk16_bitmap
1096,0xBB,0xDF,蝌,exact_hzk16_bitmap
1097,0xBB,0xE0,蚪,exact_hzk16_bitmap
1098,0xBB,0xE1,凯,exact_hzk16_bitmap
1099,0xBB,0xE2,胡,exact_hzk16_bitmap
1100,0xBB,0xE3,腕,exact_hzk16_bitmap
1101,0xBB,0xE4,豪,exact_hzk16_bitmap
1102,0xBB,0xE5,喇,exact_hzk16_bitmap
1103,0xBB,0xE6,叭,exact_hzk16_bitmap
1104,0xBB,0xE7,芽,exact_hzk16_bitmap
1105,0xBB,0xE8,袋,exact_hzk16_bitmap
1106,0xBB,0xE9,食,exact_hzk16_bitmap
1107,0xBB,0xEA,玛,exact_hzk16_bitmap
1108,0xBB,0xEB,瑙,exact_hzk16_bitmap
1109,0xBB,0xEC,刺,exact_hzk16_bitmap
1110,0xBB,0xED,呆,exact_hzk16_bitmap
1111,0xBB,0xEE,磁,exact_hzk16_bitmap
1112,0xBB,0xEF,葱,exact_hzk16_bitmap
1113,0xBB,0xF0,狮,exact_hzk16_bitmap
1114,0xBB,0xF1,舌,exact_hzk16_bitmap
1115,0xBB,0xF2,耿,exact_hzk16_bitmap
1116,0xBB,0xF3,素,exact_hzk16_bitmap
1117,0xBB,0xF4,钳,exact_hzk16_bitmap
1118,0xBB,0xF5,蟹,exact_hzk16_bitmap
1119,0xBB,0xF6,顽,exact_hzk16_bitmap
1120,0xBB,0xF7,弹,exact_hzk16_bitmap
1121,0xBB,0xF8,椰,exact_hzk16_bitmap
1122,0xBB,0xF9,犀,exact_hzk16_bitmap
1123,0xBB,0xFA,牛,exact_hzk16_bitmap
1124,0xBB,0xFB,蔓,exact_hzk16_bitmap
1125,0xBB,0xFC,藤,exact_hzk16_bitmap
1126,0xBB,0xFD,墨,exact_hzk16_bitmap
1127,0xBB,0xFE,盘,exact_hzk16_bitmap
1128,0xBC,0xA1,魔,exact_hzk16_bitmap
1129,0xBC,0xA2,螳,exact_hzk16_bitmap
1130,0xBC,0xA3,螂,exact_hzk16_bitmap
1131,0xBC,0xA4,唇,exact_hzk16_bitmap
1132,0xBC,0xA5,肯,exact_hzk16_bitmap
1133,0xBC,0xA6,泰,exact_hzk16_bitmap
1134,0xBC,0xA7,罗,exact_hzk16_bitmap
1135,0xBC,0xA8,乘,exact_hzk16_bitmap
1136,0xBC,0xA9,伊,exact_hzk16_bitmap
1137,0xBC,0xAA,镰,exact_hzk16_bitmap
1138,0xBC,0xAB,刀,exact_hzk16_bitmap
1139,0xBC,0xAC,翼,exact_hzk16_bitmap
1140,0xBC,0xAD,皇,exact_hzk16_bitmap
1141,0xBC,0xAE,帝,exact_hzk16_bitmap
1142,0xBC,0xAF,凤,exact_hzk16_bitmap
1143,0xBC,0xB0,凰,exact_hzk16_bitmap
1144,0xBC,0xB1,顿,exact_hzk16_bitmap
1145,0xBC,0xB2,车,exact_hzk16_bitmap
1146,0xBC,0xB3,圣,exact_hzk16_bitmap
1147,0xBC,0xB4,文,exact_hzk16_bitmap
1148,0xBC,0xB5,枪,exact_hzk16_bitmap
1149,0xBC,0xB6,汁,exact_hzk16_bitmap
1150,0xBC,0xB7,炮,exact_hzk16_bitmap
1151,0xBC,0xB8,槌,exact_hzk16_bitmap
1152,0xBC,0xB9,压,exact_hzk16_bitmap
1153,0xBC,0xBA,泵,exact_hzk16_bitmap
1154,0xBC,0xBB,夹,exact_hzk16_bitmap
1155,0xBC,0xBC,躲,exact_hzk16_bitmap
1156,0xBC,0xBD,伏,exact_hzk16_bitmap
1157,0xBC,0xBE,亿,exact_hzk16_bitmap
1158,0xBC,0xBF,鞭,exact_hzk16_bitmap
1159,0xBC,0xC0,刃,exact_hzk16_bitmap
1160,0xBC,0xC1,催,exact_hzk16_bitmap
1161,0xBC,0xC2,蘑,exact_hzk16_bitmap
1162,0xBC,0xC3,菇,exact_hzk16_bitmap
1163,0xBC,0xC4,孢,exact_hzk16_bitmap
1164,0xBC,0xC5,细,exact_hzk16_bitmap
1165,0xBC,0xC6,结,exact_hzk16_bitmap
1166,0xBC,0xC7,极,exact_hzk16_bitmap
1167,0xBC,0xC8,冷,exact_hzk16_bitmap
1168,0xBC,0xC9,绝,exact_hzk16_bitmap
1169,0xBC,0xCA,零,exact_hzk16_bitmap
1170,0xBC,0xCB,扔,exact_hzk16_bitmap
1171,0xBC,0xCC,浆,exact_hzk16_bitmap
1172,0xBC,0xCD,骨,exact_hzk16_bitmap
1173,0xBC,0xCE,震,exact_hzk16_bitmap
1174,0xBC,0xCF,旋,exact_hzk16_bitmap
1175,0xBC,0xD0,镖,exact_hzk16_bitmap
1176,0xBC,0xD1,裂,exact_hzk16_bitmap
1177,0xBC,0xD2,落,exact_hzk16_bitmap
1178,0xBC,0xD3,封,exact_hzk16_bitmap
1179,0xBC,0xD4,崩,exact_hzk16_bitmap
1180,0xBC,0xD5,萤,exact_hzk16_bitmap
1181,0xBC,0xD6,吐,exact_hzk16_bitmap
1182,0xBC,0xD7,丝,exact_hzk16_bitmap
1183,0xBC,0xD8,烟,exact_hzk16_bitmap
1184,0xBC,0xD9,雾,exact_hzk16_bitmap
1185,0xBC,0xDA,溶,exact_hzk16_bitmap
1186,0xBC,0xDB,液,exact_hzk16_bitmap
1187,0xBC,0xDC,碎,exact_hzk16_bitmap
1188,0xBC,0xDD,低,exact_hzk16_bitmap
1189,0xBC,0xDE,段,exact_hzk16_bitmap
1190,0xBC,0xDF,投,exact_hzk16_bitmap
1191,0xBC,0xE0,割,exact_hzk16_bitmap
1192,0xBC,0xE1,啄,exact_hzk16_bitmap
1193,0xBC,0xE2,翅,exact_hzk16_bitmap
1194,0xBC,0xE3,膀,exact_hzk16_bitmap
1195,0xBC,0xE4,燕,exact_hzk16_bitmap
1196,0xBC,0xE5,返,exact_hzk16_bitmap
1197,0xBC,0xE6,跃,exact_hzk16_bitmap
1198,0xBC,0xE7,瞬,exact_hzk16_bitmap
1199,0xBC,0xE8,移,exact_hzk16_bitmap
1200,0xBC,0xE9,瞑,exact_hzk16_bitmap
1201,0xBC,0xEA,舔,exact_hzk16_bitmap
1202,0xBC,0xEB,惊,exact_hzk16_bitmap
1203,0xBC,0xEC,异,exact_hzk16_bitmap
1204,0xBC,0xED,卷,exact_hzk16_bitmap
1205,0xBC,0xEE,爪,exact_hzk16_bitmap
1206,0xBC,0xEF,鳞,exact_hzk16_bitmap
1207,0xBC,0xF0,追,exact_hzk16_bitmap
1208,0xBC,0xF1,齿,exact_hzk16_bitmap
1209,0xBC,0xF2,咬,exact_hzk16_bitmap
1210,0xBC,0xF3,慧,exact_hzk16_bitmap
1211,0xBC,0xF4,鼾,exact_hzk16_bitmap
1212,0xBC,0xF5,炸,exact_hzk16_bitmap
1213,0xBC,0xF6,尖,exact_hzk16_bitmap
1214,0xBC,0xF7,剪,exact_hzk16_bitmap
1215,0xBC,0xF8,歌,exact_hzk16_bitmap
1216,0xBC,0xF9,唱,exact_hzk16_bitmap
1217,0xBC,0xFA,吻,exact_hzk16_bitmap
1218,0xBC,0xFB,剑,exact_hzk16_bitmap
1219,0xBC,0xFC,撒,exact_hzk16_bitmap
1220,0xBC,0xFD,娇,exact_hzk16_bitmap
1221,0xBC,0xFE,摇,exact_hzk16_bitmap
1222,0xBD,0xA1,挠,exact_hzk16_bitmap
1223,0xBD,0xA2,痒,exact_hzk16_bitmap
1224,0xBD,0xA3,幕,exact_hzk16_bitmap
1225,0xBD,0xA4,鼓,exact_hzk16_bitmap
1226,0xBD,0xA5,吼,exact_hzk16_bitmap
1227,0xBD,0xA6,糖,exact_hzk16_bitmap
1228,0xBD,0xA7,沉,exact_hzk16_bitmap
1229,0xBD,0xA8,半,exact_hzk16_bitmap
1230,0xBD,0xA9,项,exact_hzk16_bitmap
1231,0xBD,0xAA,查,exact_hzk16_bitmap
1232,0xBD,0xAB,纳,exact_hzk16_bitmap
1233,0xBD,0xAC,耀,exact_hzk16_bitmap
1234,0xBD,0xAD,燃,exact_hzk16_bitmap
1235,0xBD,0xAE,周,exact_hzk16_bitmap
1236,0xBD,0xAF,围,exact_hzk16_bitmap
1237,0xBD,0xB0,待,exact_hzk16_bitmap
1238,0xBD,0xB1,乎,exact_hzk16_bitmap
1239,0xBD,0xB2,贴,exact_hzk16_bitmap
1240,0xBD,0xB3,敏,exact_hzk16_bitmap
1241,0xBD,0xB4,羽,exact_hzk16_bitmap
1242,0xBD,0xB5,挥,exact_hzk16_bitmap
1243,0xBD,0xB6,聪,exact_hzk16_bitmap
1244,0xBD,0xB7,泌,exact_hzk16_bitmap
1245,0xBD,0xB8,穴,exact_hzk16_bitmap
1246,0xBD,0xB9,潮,exact_hzk16_bitmap
1247,0xBD,0xBA,湿,exact_hzk16_bitmap
1248,0xBD,0xBB,币,exact_hzk16_bitmap
1249,0xBD,0xBC,形,exact_hzk16_bitmap
1250,0xBD,0xBD,奔,exact_hzk16_bitmap
1251,0xBD,0xBE,擅,exact_hzk16_bitmap
1252,0xBD,0xBF,胳,exact_hzk16_bitmap
1253,0xBD,0xC0,膊,exact_hzk16_bitmap
1254,0xBD,0xC1,浮,exact_hzk16_bitmap
1255,0xBD,0xC2,触,exact_hzk16_bitmap
1256,0xBD,0xC3,坡,exact_hzk16_bitmap
1257,0xBD,0xC4,蹄,exact_hzk16_bitmap
1258,0xBD,0xC5,踩,exact_hzk16_bitmap
1259,0xBD,0xC6,缓,exact_hzk16_bitmap
1260,0xBD,0xC7,剩,exact_hzk16_bitmap
1261,0xBD,0xC8,厂,exact_hzk16_bitmap
1262,0xBD,0xC9,耐,exact_hzk16_bitmap
1263,0xBD,0xCA,具,exact_hzk16_bitmap
1264,0xBD,0xCB,脏,exact_hzk16_bitmap
1265,0xBD,0xCC,污,exact_hzk16_bitmap
1266,0xBD,0xCD,抵,exact_hzk16_bitmap
1267,0xBD,0xCE,昏,exact_hzk16_bitmap
1268,0xBD,0xCF,夜,exact_hzk16_bitmap
1269,0xBD,0xD0,穷,exact_hzk16_bitmap
1270,0xBD,0xD1,伴,exact_hzk16_bitmap
1271,0xBD,0xD2,帖,exact_hzk16_bitmap
1272,0xBD,0xD3,脚,exact_hzk16_bitmap
1273,0xBD,0xD4,肤,exact_hzk16_bitmap
1274,0xBD,0xD5,秋,exact_hzk16_bitmap
1275,0xBD,0xD6,产,exact_hzk16_bitmap
1276,0xBD,0xD7,卵,exact_hzk16_bitmap
1277,0xBD,0xD8,锋,exact_hzk16_bitmap
1278,0xBD,0xD9,晃,exact_hzk16_bitmap
1279,0xBD,0xDA,残,exact_hzk16_bitmap
1280,0xBD,0xDB,模,exact_hzk16_bitmap
1281,0xBD,0xDC,仿,exact_hzk16_bitmap
1282,0xBD,0xDD,遗,exact_hzk16_bitmap
1283,0xBD,0xDE,造,exact_hzk16_bitmap
1284,0xBD,0xDF,焚,exact_hzk16_bitmap
1285,0xBD,0xE0,科,exact_hzk16_bitmap
1286,0xBD,0xE1,颜,exact_hzk16_bitmap
1287,0xBD,0xE2,谜,exact_hzk16_bitmap
1288,0xBD,0xE3,紫,exact_hzk16_bitmap
1289,0xBD,0xE4,苑,exact_hzk16_bitmap
1290,0xBD,0xE5,齐,exact_hzk16_bitmap
1291,0xBD,0xE6,夺,exact_hzk16_bitmap
1292,0xBD,0xE7,此,exact_hzk16_bitmap
1293,0xBD,0xE8,婚,exact_hzk16_bitmap
1294,0xBD,0xE9,嫁,exact_hzk16_bitmap
1295,0xBD,0xEA,规,exact_hzk16_bitmap
1296,0xBD,0xEB,则,exact_hzk16_bitmap
1297,0xBD,0xEC,磨,exact_hzk16_bitmap
1298,0xBD,0xED,竞,exact_hzk16_bitmap
1299,0xBD,0xEE,争,exact_hzk16_bitmap
1300,0xBD,0xEF,束,exact_hzk16_bitmap
1301,0xBD,0xF0,却,exact_hzk16_bitmap
1302,0xBD,0xF1,爬,exact_hzk16_bitmap
1303,0xBD,0xF2,堂,exact_hzk16_bitmap
1304,0xBD,0xF3,予,exact_hzk16_bitmap
1305,0xBD,0xF4,峰,exact_hzk16_bitmap
1306,0xBD,0xF5,巧,exact_hzk16_bitmap
1307,0xBD,0xF6,调,exact_hzk16_bitmap
1308,0xBD,0xF7,及,exact_hzk16_bitmap
1309,0xBD,0xF8,轰,exact_hzk16_bitmap
1310,0xBD,0xF9,接,exact_hzk16_bitmap
1311,0xBD,0xFA,至,exact_hzk16_bitmap
1312,0xBD,0xFB,憾,exact_hzk16_bitmap
1313,0xBD,0xFC,骚,exact_hzk16_bitmap
1314,0xBD,0xFD,日,exact_hzk16_bitmap
1315,0xBD,0xFE,宫,exact_hzk16_bitmap
1316,0xBE,0xA1,砍,exact_hzk16_bitmap
1317,0xBE,0xA2,坛,exact_hzk16_bitmap
1318,0xBE,0xA3,宇,exact_hzk16_bitmap
1319,0xBE,0xA4,宙,exact_hzk16_bitmap
1320,0xBE,0xA5,辆,exact_hzk16_bitmap
1321,0xBE,0xA6,骑,exact_hzk16_bitmap
1322,0xBE,0xA7,娃,exact_hzk16_bitmap
1323,0xBE,0xA8,墓,exact_hzk16_bitmap
1324,0xBE,0xA9,谅,exact_hzk16_bitmap
1325,0xBE,0xAA,亡,exact_hzk16_bitmap
1326,0xBE,0xAB,冥,exact_hzk16_bitmap
1327,0xBE,0xAC,戒,exact_hzk16_bitmap
1328,0xBE,0xAD,严,exact_hzk16_bitmap
1329,0xBE,0xAE,厦,exact_hzk16_bitmap
1330,0xBE,0xAF,崇,exact_hzk16_bitmap
1331,0xBE,0xB0,戏,exact_hzk16_bitmap
1332,0xBE,0xB1,积,exact_hzk16_bitmap
1333,0xBE,0xB2,盒,exact_hzk16_bitmap
1334,0xBE,0xB3,厅,exact_hzk16_bitmap
1335,0xBE,0xB4,楼,exact_hzk16_bitmap
1336,0xBE,0xB5,袭,exact_hzk16_bitmap
1337,0xBE,0xB6,饿,exact_hzk16_bitmap
1338,0xBE,0xB7,虚,exact_hzk16_bitmap
1339,0xBE,0xB8,惨,exact_hzk16_bitmap
1340,0xBE,0xB9,弄,exact_hzk16_bitmap
1341,0xBE,0xBA,唉,exact_hzk16_bitmap
1342,0xBE,0xBB,越,exact_hzk16_bitmap
1343,0xBE,0xBC,根,exact_hzk16_bitmap
1344,0xBE,0xBD,窜,exact_hzk16_bitmap
1345,0xBE,0xBE,秀,exact_hzk16_bitmap
1346,0xBE,0xBF,恋,exact_hzk16_bitmap
1347,0xBE,0xC0,横,exact_hzk16_bitmap
1348,0xBE,0xC1,渡,exact_hzk16_bitmap
1349,0xBE,0xC2,尔,exact_hzk16_bitmap
1350,0xBE,0xC3,握,exact_hzk16_bitmap
1351,0xBE,0xC4,码,exact_hzk16_bitmap
