stable_key,dialogue_id,chinese_text,previous_english_v2,revised_english_v2,reference_priority,disposition,source_url,source_revision,reason
MAIN:0x03082C,D0001,"你好!欢迎你光临宠物精灵的世界!大家都叫我大木博士,在这世界住着被称为宠物精灵的生物!",PROF. OAK: Hello! Welcome to the Pokémon world! I'm known as Professor Oak. Creatures called Pokémon live here!,"PROF. OAK: Hello there! Welcome to the world of Pokémon! I'm Oak, the Pokémon Prof.! Creatures called Pokémon live here!",Official English Red/Blue/Yellow + Chinese fidelity,adapted,https://github.com/pret/pokered,2ab2421410b764e4dfebeddf8d9249d2cba947c4,Uses the matching official English Red/Blue/Yellow scene as its primary voice while retaining Chinese-only facts and Famicom-specific terminology.
MAIN:0x03329F,D0010,"小茂:怎么了?小智在这里遇见你还真是偶然啊!你也去宠物精灵联盟啊?徽章也都收集齐了,干的不错嘛!不过在去联盟之前先和我比试一场吧!","GARY: Ash! What a surprise! Going to the Pokémon League too? Got every Badge? Not bad! First, battle me!","GARY: Ash! What a surprise! Going to the Pokémon League? Got all the Badges? Not bad! First, a warm-up battle!",Official English Red/Blue/Yellow + Chinese fidelity,adapted,https://github.com/pret/pokered,2ab2421410b764e4dfebeddf8d9249d2cba947c4,Uses the matching official English Red/Blue/Yellow scene as its primary voice while retaining Chinese-only facts and Famicom-specific terminology.
MAIN:0x03331B,D0011,"小茂:我只是一时太大意了,可恶!不过你这样的水平想称霸精灵联盟...你还是多练习一下比较好!我多管闲事了啊,那我先走了!再会了...",GARY: I got careless. Darn! You can't rule the League at your level. Train more! I've meddled enough. I'm off. See ya...,GARY: I got careless! You need more practice before ruling the League. I've meddled enough. Smell ya later!,Official English Red/Blue/Yellow + Chinese fidelity,adapted,https://github.com/pret/pokered,2ab2421410b764e4dfebeddf8d9249d2cba947c4,Uses the matching official English Red/Blue/Yellow scene as its primary voice while retaining Chinese-only facts and Famicom-specific terminology.
MAIN:0x033395,D0012,守卫:啊!你拿的的确是联盟徽章!请通过吧!,GUARD: Ah! Real League Badges. You may pass!,Those are League Badges! You may pass!,Official English Red/Blue/Yellow + Chinese fidelity,adapted,https://github.com/pret/pokered,2ab2421410b764e4dfebeddf8d9249d2cba947c4,Uses the matching official English Red/Blue/Yellow scene as its primary voice while retaining Chinese-only facts and Famicom-specific terminology.
MAIN:0x03353B,D0024,女孩:现在就开始四大天王的对战!朝最强努力吧!,GIRL: The Elite Four battles start now! Fight to be the strongest!,Your Elite Four battles begin now! Go for the top!,Official English Red/Blue/Yellow + Chinese fidelity,adapted,https://github.com/pret/pokered,2ab2421410b764e4dfebeddf8d9249d2cba947c4,Uses the matching official English Red/Blue/Yellow scene as its primary voice while retaining Chinese-only facts and Famicom-specific terminology.
MAIN:0x033583,D0025,"加纳:欢迎来到宠物精灵联盟!我是冰系四天王加纳!还没碰过害怕的东西,让我生气了就让你的精灵动弹不得!哈哈觉悟吧!",LORELEI: Welcome to the League! I'm with the Ice-type Elite Four. I fear nothing. Anger me and I'll freeze your Pokémon solid! Ha! Prepare!,"LORELEI: Welcome to the League! I'm Lorelei of the Elite Four, an Ice-type master! I fear nothing. Anger me and I'll freeze your Pokémon solid! Hahaha! Ready?",Official English Red/Blue/Yellow + Chinese fidelity,adapted,https://github.com/pret/pokered,2ab2421410b764e4dfebeddf8d9249d2cba947c4,Uses the matching official English Red/Blue/Yellow scene as its primary voice while retaining Chinese-only facts and Famicom-specific terminology.
MAIN:0x03365E,D0027,"西巴:我是地系四天王西巴!不管是精灵或人只要战斗磨练都能变的很强,就靠这中磨练与我的精灵工生存!你是小智吧,来尝尝我们的超级力量吧!","BRUNO: I'm with the Ground-type Elite Four! Pokémon and people grow strong by battle and training. My team and I live by it! Ash, face our power!","BRUNO: I'm Bruno, the Elite Four's Ground-type master! Training makes people and Pokémon stronger. My team and I live by it! Ash, face our power!",Official English Red/Blue/Yellow + Chinese fidelity,adapted,https://github.com/pret/pokered,2ab2421410b764e4dfebeddf8d9249d2cba947c4,Uses the matching official English Red/Blue/Yellow scene as its primary voice while retaining Chinese-only facts and Famicom-specific terminology.
MAIN:0x033715,D0029,"菊子:我是鬼系四天王菊子,听说真新镇的大木博士相当疼你!大木博士以前是相当强的男人!现在看不出来了,光只是做宠物精灵图鉴是不够的!精灵是要用来战斗的!让我来教你真正的战斗吧!","AGATHA: I'm in the Ghost Elite Four. I hear Pallet's Prof. Oak favors you! Once strong, you'd never know now. A Pokédex isn't enough. Pokémon are for battle! I'll show you true battle!","AGATHA: I'm Agatha, the Elite Four's Ghost-type master. I hear Oak of Pallet Town is fond of you! He was once strong, but you'd never know it now. A Pokédex isn't enough. Pokémon are for fighting! I'll show you a real battle!",Official English Red/Blue/Yellow + Chinese fidelity,adapted,https://github.com/pret/pokered,2ab2421410b764e4dfebeddf8d9249d2cba947c4,Uses the official English Gen I scene voice where it agrees with the Chinese; Chinese-only facts and bootleg-specific terminology are retained.
MAIN:0x033814,D0030,"菊子:真了不起啊,是你胜了,大木博士真有眼光,我心服口服你就朝下一个房间去吧!",AGATHA: Impressive. You won. Oak chose well. I yield. Next room!,"AGATHA: You win! I see what Oak saw in you. Go on, child!",Official English Red/Blue/Yellow + Chinese fidelity,adapted,https://github.com/pret/pokered,2ab2421410b764e4dfebeddf8d9249d2cba947c4,Uses the official English Gen I scene voice where it agrees with the Chinese; Chinese-only facts and bootleg-specific terminology are retained.
MAIN:0x033861,D0031,"瓦它诺:你是小智?我是龙系四天王菊子瓦它诺,你应该知道龙是神圣传说中的生物,很难抓但培育的好将是天下第一!一般的攻击对龙系是没用的!开始吧,我会让你夹着尾巴逃跑的!","LANCE: Ash? I'm with the Dragon Elite Four. Dragons are sacred legends, hard to catch but supreme when raised well. Common attacks are useless on them! Begin! You'll flee with your tail tucked!","LANCE: I'm Lance, the Elite Four's Dragon-type master! Dragons are sacred legends, hard to catch but supreme when raised well. Common attacks are useless against them! Prepare to lose, Ash!",Official English Red/Blue/Yellow + Chinese fidelity,adapted,https://github.com/pret/pokered,2ab2421410b764e4dfebeddf8d9249d2cba947c4,Uses the matching official English Red/Blue/Yellow scene as its primary voice while retaining Chinese-only facts and Famicom-specific terminology.
MAIN:0x0338F4,D0032,"瓦它诺:虽然难过但你的技术一流!我想说小智从今开始你是宠物精灵联盟的冠军!但你必须再与一人战斗不可!那位训练家就是...小茂!他比你早战胜我们四天王,所以你们要决出真正的冠军,去吧小智!","LANCE: It hurts, but you're first-rate! I'd call you League Champion, but Gary remains. He beat us first. Battle him for the true title. Go, Ash!","LANCE: My dragons lost! You're first-rate, but Gary beat us first. Battle him for the true Champion title! Go, Ash!",Official English Red/Blue/Yellow + Chinese fidelity,adapted,https://github.com/pret/pokered,2ab2421410b764e4dfebeddf8d9249d2cba947c4,Uses the matching official English Red/Blue/Yellow scene as its primary voice while retaining Chinese-only facts and Famicom-specific terminology.
MAIN:0x0339A9,D0033,"小茂:小智啊?你也来了?既然做为对手的你这么弱也没什么好竞争的!我在收集图鉴的同时也找到一些完美的精灵!告诉你吧,我就是世界最强的精灵训练师!!","GARY: Ash? You too? A weak rival is no competition! While filling my Pokédex, I found perfect Pokémon. I'm the world's strongest Trainer!","GARY: Ash! A weak rival is no competition! While filling my Pokédex, I found some perfect Pokémon. I'm the world's strongest Trainer!",Official English Red/Blue/Yellow + Chinese fidelity,adapted,https://github.com/pret/pokered,2ab2421410b764e4dfebeddf8d9249d2cba947c4,Uses the matching official English Red/Blue/Yellow scene as its primary voice while retaining Chinese-only facts and Famicom-specific terminology.
MAIN:0x033B7F,D0035,"大木博士:小智,你能制霸宠物精灵联盟!不是你一个人的力量!是你与精灵之间巧妙的感情!小智你跟我来!","PROF. OAK: Ash, you didn't win the League alone! Your bond with your Pokémon did it. Come with me!",PROF. OAK: Ash! Your victory wasn't yours alone. Your bond with your Pokémon is marvelous! Come with me!,Official English Red/Blue/Yellow + Chinese fidelity,adapted,https://github.com/pret/pokered,2ab2421410b764e4dfebeddf8d9249d2cba947c4,Uses the matching official English Red/Blue/Yellow scene as its primary voice while retaining Chinese-only facts and Famicom-specific terminology.
MAIN:0x033F45,D0045,"加纳:欢迎来到宠物精灵联盟!我是冰系四天王加纳!还没碰过害怕的东西,让我生气了就让你的精灵动弹不得!哈哈觉悟吧!",LORELEI: Welcome to the League! I'm with the Ice-type Elite Four. I fear nothing. Anger me and I'll freeze your Pokémon solid! Ha! Prepare!,"LORELEI: Welcome to the League! I'm Lorelei of the Elite Four, an Ice-type master! I fear nothing. Anger me and I'll freeze your Pokémon solid! Hahaha! Ready?",Official English Red/Blue/Yellow + Chinese fidelity,adapted,https://github.com/pret/pokered,2ab2421410b764e4dfebeddf8d9249d2cba947c4,Uses the matching official English Red/Blue/Yellow scene as its primary voice while retaining Chinese-only facts and Famicom-specific terminology.
MAIN:0x033FFF,D0047,"西巴:我是地系四天王西巴!不管是精灵或人只要战斗磨练都能变的很强,就靠这中磨练与我的精灵工生存!你是小智吧,来尝尝我们的超级力量吧!","BRUNO: I'm with the Ground-type Elite Four! Pokémon and people grow strong by battle and training. My team and I live by it! Ash, face our power!","BRUNO: I'm Bruno, the Elite Four's Ground-type master! Training makes people and Pokémon stronger. My team and I live by it! Ash, face our power!",Official English Red/Blue/Yellow + Chinese fidelity,adapted,https://github.com/pret/pokered,2ab2421410b764e4dfebeddf8d9249d2cba947c4,Uses the matching official English Red/Blue/Yellow scene as its primary voice while retaining Chinese-only facts and Famicom-specific terminology.
MAIN:0x0340C1,D0049,"菊子:我是鬼系四天王菊子,听说真新镇的大木博士相当疼你!大木博士以前是相当强的男人!现在看不出来了,光只是做宠物精灵图鉴是不够的!精灵是要用来战斗的!让我来教你真正的战斗吧!","AGATHA: I'm in the Ghost Elite Four. I hear Pallet's Prof. Oak favors you! Once strong, you'd never know now. A Pokédex isn't enough. Pokémon are for battle! I'll show you true battle!","AGATHA: I'm Agatha, the Elite Four's Ghost-type master. I hear Oak of Pallet Town is fond of you! He was once strong, but you'd never know it now. A Pokédex isn't enough. Pokémon are for fighting! I'll show you a real battle!",Official English Red/Blue/Yellow + Chinese fidelity,adapted,https://github.com/pret/pokered,2ab2421410b764e4dfebeddf8d9249d2cba947c4,Uses the matching official English Red/Blue/Yellow scene as its primary voice while retaining Chinese-only facts and Famicom-specific terminology.
MAIN:0x034169,D0050,"瓦它诺:你是小智?我是龙系四天王菊子瓦它诺,你应该知道龙是神圣传说中的生物,很难抓但培育的好将是天下第一!一般的攻击对龙系是没用的!开始吧,我会让你夹着尾巴逃跑的!","LANCE: Ash? I'm with the Dragon Elite Four. Dragons are sacred legends, hard to catch but supreme when raised well. Common attacks are useless on them! Begin! You'll flee with your tail tucked!","LANCE: I'm Lance, the Elite Four's Dragon-type master! Dragons are sacred legends, hard to catch but supreme when raised well. Common attacks are useless against them! Prepare to lose, Ash!",Official English Red/Blue/Yellow + Chinese fidelity,adapted,https://github.com/pret/pokered,2ab2421410b764e4dfebeddf8d9249d2cba947c4,Uses the matching official English Red/Blue/Yellow scene as its primary voice while retaining Chinese-only facts and Famicom-specific terminology.
MAIN:0x034207,D0051,瓦它诺:虽然难过但你的技术一流!不过要想成为真正的冠军就应该进入冠军的房间打败里面的训练师!!他比你早一步打败我们四天王!,"LANCE: It hurts, but you're first-rate! To be true Champion, enter the Champion's room and beat its Trainer. He beat us first!","LANCE: You're first-rate! But to become the true Champion, enter the Champion's room and defeat the Trainer who beat us before you!",Official English Red/Blue/Yellow + Chinese fidelity,adapted,https://github.com/pret/pokered,2ab2421410b764e4dfebeddf8d9249d2cba947c4,Uses the matching official English Red/Blue/Yellow scene as its primary voice while retaining Chinese-only facts and Famicom-specific terminology.
MAIN:0x03447C,D0054,"大木博士:你又堂堂正正的赢了!恭喜你小智,从你刚开始得到比卡丘开始到现在你真的变强了,应该说你长大了!小智,你能制霸宠物精灵联盟!不是你一个人的力量!是你与精灵之间巧妙的感情!小智你跟我来!","PROF. OAK: Fair and square again! Congrats, Ash. You've grown strong since getting Pikachu, and grown up! Your bond with your Pokémon, not strength alone, won the League. Come with me!","PROF. OAK: Fair and square again! Congratulations, Ash! You've grown strong since Pikachu. Your victory was not yours alone; your Pokémon bond is marvelous! Come with me!",Official English Red/Blue/Yellow + Chinese fidelity,adapted,https://github.com/pret/pokered,2ab2421410b764e4dfebeddf8d9249d2cba947c4,Uses the matching official English Red/Blue/Yellow scene as its primary voice while retaining Chinese-only facts and Famicom-specific terminology.
MAIN:0x03456E,D0055,"大木博士:小智,你经过激烈的战斗!而如今成为联盟冠军!在此记录下小智的名字与精灵的名字吧!和我一起回家吧,你妈妈一定很想你","PROF. OAK: Ash, fierce battles made you Champion! Record your name and each Pokémon's. Let's go home; Mom must miss you.","PROF. OAK: Fierce battles made you Champion, Ash! Your name and Pokémon go on record. Let's go home. Mom must miss you!",Official English Red/Blue/Yellow + Chinese fidelity,adapted,https://github.com/pret/pokered,2ab2421410b764e4dfebeddf8d9249d2cba947c4,Uses the matching official English Red/Blue/Yellow scene as its primary voice while retaining Chinese-only facts and Famicom-specific terminology.
MAIN:0x034C09,D0103,欢迎!到精灵中心可以恢复精灵的体力.,Welcome! Pokémon Centers restore Pokémon's health.,Welcome! We heal Pokémon to perfect health!,Official English Red/Blue/Yellow + Chinese fidelity,adapted,https://github.com/pret/pokered,2ab2421410b764e4dfebeddf8d9249d2cba947c4,Uses the official English Gen I scene voice where it agrees with the Chinese; Chinese-only facts and bootleg-specific terminology are retained.
MAIN:0x034C2D,D0104,您的精灵都精神了!!欢迎光临!!,Your Pokémon feel great! Come again!,Your Pokémon are fighting fit! See you again!,Official English Red/Blue/Yellow + Chinese fidelity,adapted,https://github.com/pret/pokered,2ab2421410b764e4dfebeddf8d9249d2cba947c4,Uses the matching official English Red/Blue/Yellow scene as its primary voice while retaining Chinese-only facts and Famicom-specific terminology.
MAIN:0x034C96,D0107,欢迎!买东西吗?,Welcome! Want to buy something?,Hi there! May I help you?,Official English Red/Blue/Yellow + Chinese fidelity,adapted,https://github.com/pret/pokered,2ab2421410b764e4dfebeddf8d9249d2cba947c4,Uses the matching official English Red/Blue/Yellow scene as its primary voice while retaining Chinese-only facts and Famicom-specific terminology.
MAIN:0x034CA6,D0108,谢谢惠顾!!,Thank you for shopping with us!,Thank you! Please come again!,Official English Red/Blue/Yellow + Chinese fidelity,adapted,https://github.com/pret/pokered,2ab2421410b764e4dfebeddf8d9249d2cba947c4,Uses the matching official English Red/Blue/Yellow scene as its primary voice while retaining Chinese-only facts and Famicom-specific terminology.
MAIN:0x034DE5,D0114,我从没见过这家道场的首领,I've never seen this Gym's Leader.,I've never seen this Gym's Leader.,Official English Red/Blue/Yellow + Chinese fidelity,adapted,https://github.com/pret/pokered,2ab2421410b764e4dfebeddf8d9249d2cba947c4,Uses the matching official English Red/Blue/Yellow scene as its primary voice while retaining Chinese-only facts and Famicom-specific terminology.
MAIN:0x034FBD,D0127,"小孩子需要50元,参观吗?",Admission for kids is $50. Want to look around?,It's $50 for a child's ticket. Would you like to come in?,Official English Red/Blue/Yellow + Chinese fidelity,adapted,https://github.com/pret/pokered,2ab2421410b764e4dfebeddf8d9249d2cba947c4,Uses the matching official English Red/Blue/Yellow scene as its primary voice while retaining Chinese-only facts and Famicom-specific terminology.
MAIN:0x034FCE,D0128,"好的,50元收下了!",All right! I'll take the $50!,"Right! $50, please!",Official English Red/Blue/Yellow + Chinese fidelity,adapted,https://github.com/pret/pokered,2ab2421410b764e4dfebeddf8d9249d2cba947c4,Uses the matching official English Red/Blue/Yellow scene as its primary voice while retaining Chinese-only facts and Famicom-specific terminology.
MAIN:0x035077,D0134,"太不幸了,这家人被偷了!是火箭队干的!即使是警察也拿火箭队没办法!",How awful! This family was robbed! Team Rocket did it! Even the police are helpless against them!,Those poor people were robbed! We're sure Team Rocket did it. Even our Police Force has trouble with them!,Official English Red/Blue/Yellow + Chinese fidelity,adapted,https://github.com/pret/pokered,2ab2421410b764e4dfebeddf8d9249d2cba947c4,Uses the matching official English Red/Blue/Yellow scene as its primary voice while retaining Chinese-only facts and Famicom-specific terminology.
MAIN:0x035206,D0145,"这里是精灵的墓地,有名的城镇...精灵死的时候都会带到精灵塔","This town is famous for its Pokémon graveyard... When Pokémon die, they're brought to Pokémon Tower.","This town is famous for its Pokémon graveyard. When Pokémon die, they're brought to Pokémon Tower.",Official English Red/Blue/Yellow + Chinese fidelity,adapted,https://github.com/pret/pokered,2ab2421410b764e4dfebeddf8d9249d2cba947c4,Uses the matching official English Red/Blue/Yellow scene as its primary voice while retaining Chinese-only facts and Famicom-specific terminology.
MAIN:0x03523F,D0146,最近幽灵塔里好象出现幽灵...好像是被火箭队杀害的精灵的幽灵...,Ghosts have been appearing in Pokémon Tower lately... They seem to be the spirits of Pokémon killed by Team Rocket.,Ghosts appeared in Pokémon Tower. I think they're the spirits of Pokémon that Team Rocket killed.,Official English Red/Blue/Yellow + Chinese fidelity,adapted,https://github.com/pret/pokered,2ab2421410b764e4dfebeddf8d9249d2cba947c4,Uses the matching official English Red/Blue/Yellow scene as its primary voice while retaining Chinese-only facts and Famicom-specific terminology.
MAIN:0x0352E4,D0151,这个紫苑镇最有名的塔也是宠物精灵的墓园...人们将死亡的精灵带到这幽灵塔来祈求冥福,Lavender Town's famous tower is also a Pokémon cemetery... People bring their departed Pokémon there and pray for their peace.,Lavender Town's famous Pokémon Tower is a cemetery. People bring their departed Pokémon there to pray for them.,Official English Red/Blue/Yellow + Chinese fidelity,adapted,https://github.com/pret/pokered,2ab2421410b764e4dfebeddf8d9249d2cba947c4,Uses the matching official English Red/Blue/Yellow scene as its primary voice while retaining Chinese-only facts and Famicom-specific terminology.
MAIN:0x0358D2,D0193,"使用怪兽的人不同,结果就有好有坏!","Depending on their Trainer, Pokémon can be used for good or evil!",Pokémon are not good or evil. It depends on their Trainer!,Official English Red/Blue/Yellow + Chinese fidelity,adapted,https://github.com/pret/pokered,2ab2421410b764e4dfebeddf8d9249d2cba947c4,Uses the matching official English Red/Blue/Yellow scene as its primary voice while retaining Chinese-only facts and Famicom-specific terminology.
MAIN:0x035DCC,D0227,"这生物被视为宠物,或使用于对战等等.而我是研究这宠物精灵的!",Pets or battle: I study Pokémon!,People keep Pokémon as pets or use them in fights. I study them.,Official English Red/Blue/Yellow + Chinese fidelity,adapted,https://github.com/pret/pokered,2ab2421410b764e4dfebeddf8d9249d2cba947c4,Uses the official English Gen I scene voice where it agrees with the Chinese; Chinese-only facts and bootleg-specific terminology are retained.
MAIN:0x035E82,D0228,"小智,一个将属于你的故事,梦想即将开始!",ASH! Tale and dream begin!,ASH! Your Pokémon story and dreams begin now!,Official English Red/Blue/Yellow + Chinese fidelity,adapted,https://github.com/pret/pokered,2ab2421410b764e4dfebeddf8d9249d2cba947c4,Uses the official English Gen I scene voice where it agrees with the Chinese; Chinese-only facts and bootleg-specific terminology are retained.
MAIN:0x0365FE,D0231,休息一下如何?,Want to rest?,How about a rest?,Official English Red/Blue/Yellow + Chinese fidelity,adapted,https://github.com/pret/pokered,2ab2421410b764e4dfebeddf8d9249d2cba947c4,Uses the matching official English Red/Blue/Yellow scene as its primary voice while retaining Chinese-only facts and Famicom-specific terminology.
MAIN:0x037994,D0244,"小茂:怎么回事?真的结束了吗?尽了全力却还是输了!好不容易爬到这个地步...为什么我会输...我的培育方法不可能出错的...没办法,你是宠物联盟的新冠军...我真不太想承认","GARY: Over? I gave all, still lost. Why? My training can't be wrong... Fine, new Champion. Hard to admit.",GARY: What? Is it really over? I gave it everything and still lost! I worked so hard to get here... Why did I lose? I couldn't have raised my Pokémon wrong... Fine. You're the new Pokémon League Champion. I hate to admit it.,Official English Red/Blue/Yellow + Chinese fidelity,adapted,https://github.com/pret/pokered,2ab2421410b764e4dfebeddf8d9249d2cba947c4,Uses the matching official English Red/Blue/Yellow scene as its primary voice while retaining Chinese-only facts and Famicom-specific terminology.
MAIN:0x038092,D0253,"喔...小智在那有个圆圆的球吧,那里有宠物精灵是要给你的!拿去吧!","OAK: Ash, that ball has your Pokémon. Take it!","OAK: That ball holds your Pokémon, Ash. Go ahead, it's yours!",Official English Red/Blue/Yellow + Chinese fidelity,adapted,https://github.com/pret/pokeyellow,e6ba56989b0f2694f393e6924820be11dcc1fbb8,Uses the matching official English Red/Blue/Yellow scene as its primary voice while retaining Chinese-only facts and Famicom-specific terminology.
MAIN:0x0380C5,D0255,欢迎!买东西吗?,Welcome! Buying?,Hi there! May I help you?,Official English Red/Blue/Yellow + Chinese fidelity,adapted,https://github.com/pret/pokered,2ab2421410b764e4dfebeddf8d9249d2cba947c4,Uses the matching official English Red/Blue/Yellow scene as its primary voice while retaining Chinese-only facts and Famicom-specific terminology.
MAIN:0x038445,D0274,"你好!欢迎你光临宠物精灵的世界!大家都叫我大木博士,在这世界住着被称为宠物精灵的生物!这生物被视为宠物,或使用于对战等等.而我是研究这宠物精灵的!小智,一个将属于你的故事,梦想即将开始!","PROF. OAK: Hello! Welcome to the world of Pokémon! Everyone calls me Professor Oak. This world is home to creatures called Pokémon! Some are kept as pets, while others are used in battle. I study these Pokémon! Ash, your own story and dreams are about to begin!","PROF. OAK: Hello there! Welcome to the world of Pokémon! I'm Oak, the Pokémon Prof.! Pokémon live here as pets or fighters. I study them! Ash, your own Pokémon story and dreams begin now!",Official English Red/Blue/Yellow + Chinese fidelity,adapted,https://github.com/pret/pokered,2ab2421410b764e4dfebeddf8d9249d2cba947c4,Uses the matching official English Red/Blue/Yellow scene as its primary voice while retaining Chinese-only facts and Famicom-specific terminology.
MAIN:0x0384F8,D0275,"小茂:嗨!小智,你要找大木爷爷的话,他不在喔!我也是听他说要给宠物精灵才赶紧来的...","GARY: Hey, Ash! If you're looking for Gramps, he's not here! I rushed over too when I heard he was giving out Pokémon...","GARY: Yo, Ash! Gramps isn't around! I ran here 'cos he said he had a Pokémon for me.",Official English Red/Blue/Yellow + Chinese fidelity,adapted,https://github.com/pret/pokeyellow,e6ba56989b0f2694f393e6924820be11dcc1fbb8,Uses the matching official English Red/Blue/Yellow scene as its primary voice while retaining Chinese-only facts and Famicom-specific terminology.
MAIN:0x0385F3,D0279,大木:小茂你急什么!我等一下也会给你的,"PROF. OAK: What's the rush, Gary? I'll give you one later too.","OAK: Be patient, Gary. I'll give you one later.",Official English Red/Blue/Yellow + Chinese fidelity,adapted,https://github.com/pret/pokeyellow,e6ba56989b0f2694f393e6924820be11dcc1fbb8,Uses the matching official English Red/Blue/Yellow scene as its primary voice while retaining Chinese-only facts and Famicom-specific terminology.
MAIN:0x038620,D0280,小茂:哼!我一定能拿到比你好的!,GARY: Hmph! I'll get a better Pokémon than yours!,GARY: Humph! I'll get a better Pokémon than you!,Official English Red/Blue/Yellow + Chinese fidelity,adapted,https://github.com/pret/pokeyellow,e6ba56989b0f2694f393e6924820be11dcc1fbb8,Uses the matching official English Red/Blue/Yellow scene as its primary voice while retaining Chinese-only facts and Famicom-specific terminology.
MAIN:0x038670,D0282,大木:喂!什么!你在做什么!,OAK: Hey! What are you doing?,OAK: Gary! What are you doing?,Official English Red/Blue/Yellow + Chinese fidelity,adapted,https://github.com/pret/pokeyellow,e6ba56989b0f2694f393e6924820be11dcc1fbb8,Uses the matching official English Red/Blue/Yellow scene as its primary voice while retaining Chinese-only facts and Famicom-specific terminology.
MAIN:0x03868A,D0283,小茂:爷爷!人家就是想要这个嘛!,"GARY: Gramps, I want it!","GARY: Gramps, I want this one!",Official English Red/Blue/Yellow + Chinese fidelity,adapted,https://github.com/pret/pokeyellow,e6ba56989b0f2694f393e6924820be11dcc1fbb8,Uses the matching official English Red/Blue/Yellow scene as its primary voice while retaining Chinese-only facts and Famicom-specific terminology.
MAIN:0x0386A2,D0284,"大木:真是拿你没办法,好吧!那个宠物精灵就给你吧!反正是早晚的是...小智,你来一下好吗?","OAK: Fine! Take it; you'd get one anyway. Ash, come.","OAK: All right! That Pokémon is yours. You'd get one anyway... Ash, come.",Official English Red/Blue/Yellow + Chinese fidelity,adapted,https://github.com/pret/pokeyellow,e6ba56989b0f2694f393e6924820be11dcc1fbb8,Uses the official English Gen I scene voice where it agrees with the Chinese; Chinese-only facts and bootleg-specific terminology are retained.
MAIN:0x038755,D0287,小茂:刚得到精灵就当我的对手练习练习吧!,GARY: Just got one; practice on me!,"GARY: Wait, Ash! Let's test our new Pokémon! I'll take you on!",Official English Red/Blue/Yellow + Chinese fidelity,adapted,https://github.com/pret/pokeyellow,e6ba56989b0f2694f393e6924820be11dcc1fbb8,Uses the official English Gen I scene voice where it agrees with the Chinese; Chinese-only facts and bootleg-specific terminology are retained.
MAIN:0x0387F3,D0289,"店员:你是从真新镇来的吧?你知道大木博士吧.这是他要的东西,请转交给他!",CLERK: Pallet? Know Oak? Give him his order!,"You're from Pallet Town, right? You know Prof. Oak? Please deliver this order to him.",Official English Red/Blue/Yellow + Chinese fidelity,adapted,https://github.com/pret/pokered,2ab2421410b764e4dfebeddf8d9249d2cba947c4,Uses the official English Gen I scene voice where it agrees with the Chinese; Chinese-only facts and bootleg-specific terminology are retained.
MAIN:0x0388DE,D0294,大木:啊?有东西要交给我?,OAK: Something for me?,OAK: Oh? Something for me?,Official English Red/Blue/Yellow + Chinese fidelity,adapted,https://github.com/pret/pokered,2ab2421410b764e4dfebeddf8d9249d2cba947c4,Uses the matching official English Red/Blue/Yellow scene as its primary voice while retaining Chinese-only facts and Famicom-specific terminology.
MAIN:0x038A46,D0301,"小茂姐姐:爷爷有任务交给你啊,真辛苦,这个给你用吧",GARY'S SIS: Grandpa's task is tough. Take this.,"GARY'S SIS: Grandpa asked you to run an errand? Here, this will help you!",Official English Red/Blue/Yellow + Chinese fidelity,adapted,https://github.com/pret/pokered,2ab2421410b764e4dfebeddf8d9249d2cba947c4,Uses the official English Gen I scene voice where it agrees with the Chinese; Chinese-only facts and bootleg-specific terminology are retained.
MAIN:0x038B03,D0305,"小茂:小智!你要去宠物精灵联盟啊?算了吧!反正我看你也没有徽章,把关的人不会让你过去的!还有你的精灵到底有没有变强啊?","GARY: League, Ash? No Badges, no pass! Is your team stronger?","GARY: League, Ash? No Badges, no pass! Did your Pokémon get stronger?",Official English Red/Blue/Yellow + Chinese fidelity,adapted,https://github.com/pret/pokered,2ab2421410b764e4dfebeddf8d9249d2cba947c4,Uses the official English Gen I scene voice where it agrees with the Chinese; Chinese-only facts and bootleg-specific terminology are retained.
MAIN:0x038BBC,D0306,"小茂:在宠物精灵联盟里尽是非常强劲的训兽师,不能不想办法通过那里,你也不能尽是停留在这里,想办法往前进吧!",GARY: League has strong Trainers. I must pass! You can't stay; move on!,GARY: The League has tough Trainers! I must get past them. Quit dawdling and move on!,Official English Red/Blue/Yellow + Chinese fidelity,adapted,https://github.com/pret/pokered,2ab2421410b764e4dfebeddf8d9249d2cba947c4,Uses the matching official English Red/Blue/Yellow scene as its primary voice while retaining Chinese-only facts and Famicom-specific terminology.
MAIN:0x038D7A,D0316,男孩:你是精灵训练家吧?小刚正在找寻对手...来吧!,BOY: Trainer? Brock wants a rival. Come!,Trainer? Brock wants challengers! Follow me!,Official English Red/Blue/Yellow + Chinese fidelity,adapted,https://github.com/pret/pokered,2ab2421410b764e4dfebeddf8d9249d2cba947c4,Uses the official English Gen I scene voice where it agrees with the Chinese; Chinese-only facts and bootleg-specific terminology are retained.
MAIN:0x038D9F,D0317,男孩:你有战胜的自信的话就去挑战小刚吧!,BOY: Sure you'll win? Face Brock!,"If you're confident, go challenge Brock!",Official English Red/Blue/Yellow + Chinese fidelity,adapted,https://github.com/pret/pokered,2ab2421410b764e4dfebeddf8d9249d2cba947c4,Uses the matching official English Red/Blue/Yellow scene as its primary voice while retaining Chinese-only facts and Famicom-specific terminology.
MAIN:0x038DBF,D0318,"裁判:你要不要朝宠物精灵冠军试试啊?我虽不是训练家但我可给你一些意见,你的比卡丘想赢这道场满难的!小刚所使用的地面系精灵是不受电气攻击的影响!","GUIDE: Want to be Champion? I'm no Trainer, but here's a tip: Pikachu will struggle. Brock's Ground Pokémon ignore Electric moves!",Let's get happening! Want to be Champion? Pikachu will struggle here. Electric attacks can't hurt Brock's Ground Pokémon!,Official English Red/Blue/Yellow + Chinese fidelity,adapted,https://github.com/pret/pokeyellow,e6ba56989b0f2694f393e6924820be11dcc1fbb8,Uses the matching official English Red/Blue/Yellow scene as its primary voice while retaining Chinese-only facts and Famicom-specific terminology.
MAIN:0x038EFE,D0322,"小刚:哈哈,真厉害呢我给你宠物精灵联盟公认的灰色徽章!",BROCK: Impressive! Take the League's official Boulder Badge!,BROCK: I took you for granted. Here's the official Boulder Badge!,Official English Red/Blue/Yellow + Chinese fidelity,adapted,https://github.com/pret/pokered,2ab2421410b764e4dfebeddf8d9249d2cba947c4,Uses the matching official English Red/Blue/Yellow scene as its primary voice while retaining Chinese-only facts and Famicom-specific terminology.
MAIN:0x03906E,D0328,裁判:真不愧是强手!就是这样一来朝宠物精灵联盟冠军前进!,GUIDE: Strong! Onward to become League Champion!,Just as I thought! You're Pokémon Champ material!,Official English Red/Blue/Yellow + Chinese fidelity,adapted,https://github.com/pret/pokered,2ab2421410b764e4dfebeddf8d9249d2cba947c4,Uses the matching official English Red/Blue/Yellow scene as its primary voice while retaining Chinese-only facts and Famicom-specific terminology.
MAIN:0x0392A6,D0345,大爷:只告诉你一个好消息...!秘密的鲤鱼王只卖500元!你买不买?,"MAN: Great news! Secret Magikarp, just $500. Buy?",Great deal! A secret Magikarp for just $500! What do you say?,Official English Red/Blue/Yellow + Chinese fidelity,adapted,https://github.com/pret/pokered,2ab2421410b764e4dfebeddf8d9249d2cba947c4,Uses the matching official English Red/Blue/Yellow scene as its primary voice while retaining Chinese-only facts and Famicom-specific terminology.
MAIN:0x039540,D0364,"研究员:等一下!这化石是我发现的,两个都是我的!",SCIENTIST: Stop! I found both fossils. Mine!,"Hey, stop! I found both fossils. They're mine!",Official English Red/Blue/Yellow + Chinese fidelity,adapted,https://github.com/pret/pokered,2ab2421410b764e4dfebeddf8d9249d2cba947c4,Uses the matching official English Red/Blue/Yellow scene as its primary voice while retaining Chinese-only facts and Famicom-specific terminology.
MAIN:0x0395AE,D0367,"研究员:好吧,就分你一个好了,我和你各拿一个化石,一个人独吞是不行的哟","SCIENTIST: Fine, one fossil each. Don't hoard both!",We'll each take one! No being greedy!,Official English Red/Blue/Yellow + Chinese fidelity,adapted,https://github.com/pret/pokered,2ab2421410b764e4dfebeddf8d9249d2cba947c4,Uses the matching official English Red/Blue/Yellow scene as its primary voice while retaining Chinese-only facts and Famicom-specific terminology.
MAIN:0x039660,D0369,火箭队:等一下!化石是我们火箭队的东西!,ROCKET: Wait! That fossil is ours!,Stop! That fossil belongs to Team Rocket!,Official English Red/Blue/Yellow + Chinese fidelity,adapted,https://github.com/pret/pokeyellow,e6ba56989b0f2694f393e6924820be11dcc1fbb8,Uses the matching official English Red/Blue/Yellow scene as its primary voice while retaining Chinese-only facts and Famicom-specific terminology.
MAIN:0x0396C5,D0371,武藏:既然你诚心诚意的问了,JESSIE: Since you asked sincerely...,JESSIE: Prepare for trouble!,English anime + Chinese fidelity,adapted,https://bulbapedia.bulbagarden.net/wiki/Team_Rocket%27s_Mottos,,Uses the recognizable English-dub motto cadence while retaining the Chinese segment's meaning and bootleg-specific details.
MAIN:0x039770,D0375,"警察:真是可怜!家里糟了小偷,我知道犯人是谁!是火箭队,警察也对他们很头疼呢!",OFFICER: Poor family! Team Rocket robbed them. Even police struggle with them!,This family was robbed by Team Rocket. Even our Police Force struggles with them!,Official English Red/Blue/Yellow + Chinese fidelity,adapted,https://github.com/pret/pokered,2ab2421410b764e4dfebeddf8d9249d2cba947c4,Uses the matching official English Red/Blue/Yellow scene as its primary voice while retaining Chinese-only facts and Famicom-specific terminology.
MAIN:0x0397E8,D0376,裁判:未来的冠军给你一些建议吧!这里的馆长阿霞是使用水系的精灵!如果用植物系的怪物来吸取水份或用电系来使之麻痹也行,GUIDE: Future Champ! Misty uses Water Pokémon. Grass drains water; Electric paralyzes them!,Future Champ! Misty is a Water Pokémon pro. Use Grass to drain them or Electric moves to stun them!,Official English Red/Blue/Yellow + Chinese fidelity,adapted,https://github.com/pret/pokered,2ab2421410b764e4dfebeddf8d9249d2cba947c4,Uses the matching official English Red/Blue/Yellow scene as its primary voice while retaining Chinese-only facts and Famicom-specific terminology.
MAIN:0x039875,D0378,游泳男:阿霞会成为一位很强的训练家!才不会输给你呢!,SWIMMER: Misty will be a strong Trainer. You can't beat her!,Misty will keep improving! She won't lose to someone like you!,Official English Red/Blue/Yellow + Chinese fidelity,adapted,https://github.com/pret/pokered,2ab2421410b764e4dfebeddf8d9249d2cba947c4,Uses the matching official English Red/Blue/Yellow scene as its primary voice while retaining Chinese-only facts and Famicom-specific terminology.
MAIN:0x03989A,D0379,游泳女:对付你我就够了!用不着阿霞亲自动手!,SWIMMER: I can beat you; Misty needn't fight!,I'm more than good enough for you! Misty can wait!,Official English Red/Blue/Yellow + Chinese fidelity,adapted,https://github.com/pret/pokered,2ab2421410b764e4dfebeddf8d9249d2cba947c4,Uses the matching official English Red/Blue/Yellow scene as its primary voice while retaining Chinese-only facts and Famicom-specific terminology.
MAIN:0x039A24,D0384,"小茂:嗨嗨,我到马沙家他给我看了许多珍贵的宠物精灵耶!托他的福,我的精灵图鉴又增加了好几页呢,总之马沙是一位有名的宠物精灵收集家!电脑通信的精灵保管系统也是他做的,如果你也有使用真应该去向他道谢呢","GARY: Bill showed rare Pokémon at home, adding several Pokédex pages. He's a famed collector; made PC storage. Use it? Thank him!","GARY: Bill showed me rare Pokémon and added several pages to my Pokédex. He's a famous collector who built PC Storage. If you use it, thank him!",Official English Red/Blue/Yellow + Chinese fidelity,adapted,https://github.com/pret/pokered,2ab2421410b764e4dfebeddf8d9249d2cba947c4,Uses the official English Gen I scene voice where it agrees with the Chinese; Chinese-only facts and bootleg-specific terminology are retained.
MAIN:0x039AC6,D0385,"捉虫少年:如果你能连续打败五人,将可得到丰富的奖品你能胜利吗?",BUG CATCHER: Beat five straight for a rich prize. Can you?,Nugget Bridge! Beat five Trainers for a fabulous prize! Got what it takes?,Official English Red/Blue/Yellow + Chinese fidelity,adapted,https://github.com/pret/pokered,2ab2421410b764e4dfebeddf8d9249d2cba947c4,Uses the matching official English Red/Blue/Yellow scene as its primary voice while retaining Chinese-only facts and Famicom-specific terminology.
MAIN:0x039B19,D0387,迷你裙:第二人正是我!现在才是真正的战斗!,LASS: Second! Now the real fight!,I'm second! Now it's serious!,Official English Red/Blue/Yellow + Chinese fidelity,adapted,https://github.com/pret/pokered,2ab2421410b764e4dfebeddf8d9249d2cba947c4,Uses the matching official English Red/Blue/Yellow scene as its primary voice while retaining Chinese-only facts and Famicom-specific terminology.
MAIN:0x039B59,D0390,侦察员:我就是最后的第五人了!来吧!!,SCOUT: Fifth and last! Come on!,I'm fifth and last! Come on!,Official English Red/Blue/Yellow + Chinese fidelity,adapted,https://github.com/pret/pokered,2ab2421410b764e4dfebeddf8d9249d2cba947c4,Uses the matching official English Red/Blue/Yellow scene as its primary voice while retaining Chinese-only facts and Famicom-specific terminology.
MAIN:0x039B6A,D0391,"火箭队:太精彩了,按照约定这个礼物给你吧",ROCKET: Great! Here's the promised gift.,Congratulations! Here's your promised prize!,Official English Red/Blue/Yellow + Chinese fidelity,adapted,https://github.com/pret/pokered,2ab2421410b764e4dfebeddf8d9249d2cba947c4,Uses the matching official English Red/Blue/Yellow scene as its primary voice while retaining Chinese-only facts and Famicom-specific terminology.
MAIN:0x039C17,D0397,"男孩:我不会培育宠物精灵,觉的它怪可怜的正想放生这只小火龙...如果你能好好照顾他的话,我就把它送给你如何?","BOY: I can't raise poor Charmander, so I'll free him. Care for him well, and he's yours. Deal?","I'm bad at raising Pokémon. I should release poor Charmander. Promise to care for it, and it's yours.",Official English Red/Blue/Yellow + Chinese fidelity,adapted,https://github.com/pret/pokeyellow,e6ba56989b0f2694f393e6924820be11dcc1fbb8,Uses the matching official English Red/Blue/Yellow scene as its primary voice while retaining Chinese-only facts and Famicom-specific terminology.
MAIN:0x039C62,D0398,是吗?那我只好放生了...,Then I must release him...,Oh... I'd better release it then.,Official English Red/Blue/Yellow + Chinese fidelity,adapted,https://github.com/pret/pokeyellow,e6ba56989b0f2694f393e6924820be11dcc1fbb8,Uses the matching official English Red/Blue/Yellow scene as its primary voice while retaining Chinese-only facts and Famicom-specific terminology.
MAIN:0x039E91,D0419,"马沙:大家好,我是马沙!大家都叫我精灵迷!你那是什么眼神?不相信的样子...我是实验失败才和精灵粘在一起的你能救我吗?我要进入传送机里,分离程序就拜托你了!对,就是那部电脑!","BILL: Hi, all! I'm Bill, the Pokémaniac! Doubt me? A failed test fused me with a Pokémon. Help! I'll enter the Teleporter. Run separation on that PC!","BILL: Hiya! I'm Bill, a true Pokémaniac! A failed experiment fused me with a Pokémon. Help me out! When I'm in the Teleporter, run the Cell Separation System on my PC!",Official English Red/Blue/Yellow + Chinese fidelity,adapted,https://github.com/pret/pokered,2ab2421410b764e4dfebeddf8d9249d2cba947c4,Uses the matching official English Red/Blue/Yellow scene as its primary voice while retaining Chinese-only facts and Famicom-specific terminology.
MAIN:0x039F3F,D0421,"马沙:谢谢你,你是来看我的收集品的是吗?对了这是给你的谢礼",BILL: Thanks! Here for my collection? Take this reward.,BILL: Thanks! Did you come to see my collection? Take this reward!,Official English Red/Blue/Yellow + Chinese fidelity,adapted,https://github.com/pret/pokered,2ab2421410b764e4dfebeddf8d9249d2cba947c4,Uses the official English Gen I scene voice where it agrees with the Chinese; Chinese-only facts and bootleg-specific terminology are retained.
MAIN:0x039F7C,D0422,得到船票,Got S.S. Ticket!,Received an S.S. Ticket!,Official English Red/Blue/Yellow + Chinese fidelity,adapted,https://github.com/pret/pokered,2ab2421410b764e4dfebeddf8d9249d2cba947c4,Uses the matching official English Red/Blue/Yellow scene as its primary voice while retaining Chinese-only facts and Famicom-specific terminology.
MAIN:0x039F8C,D0423,"马沙:现在枯叶市枯叶港来了一搜铁达尼号听说也来了许多训练家呢,我有一张船票但我不喜欢派对,你去玩玩吧",BILL: Titanic is at Vermilion Harbor. Heard many Trainers came. I have a ticket but hate parties. Go have fun!,"BILL: The Titanic has docked at Vermilion Harbor, and many Trainers are aboard. I have a ticket, but I don't like parties. Why don't you go?",Official English Red/Blue/Yellow + Chinese fidelity,adapted,https://github.com/pret/pokered,2ab2421410b764e4dfebeddf8d9249d2cba947c4,Uses the matching official English Red/Blue/Yellow scene as its primary voice while retaining Chinese-only facts and Famicom-specific terminology.
MAIN:0x03A1C4,D0441,"船员:欢迎来到铁达尼号!请等一等,客人你的票呢?","SAILOR: Welcome to Titanic! Wait, guest. Your ticket?","Welcome to the Titanic! Excuse me, do you have a ticket?",Official English Red/Blue/Yellow + Chinese fidelity,adapted,https://github.com/pret/pokered,2ab2421410b764e4dfebeddf8d9249d2cba947c4,Uses the matching official English Red/Blue/Yellow scene as its primary voice while retaining Chinese-only facts and Famicom-specific terminology.
MAIN:0x03A1E6,D0442,"船员:谢谢,欢迎你上船!",SAILOR: Thanks. Welcome aboard!,Great! Welcome aboard!,Official English Red/Blue/Yellow + Chinese fidelity,adapted,https://github.com/pret/pokered,2ab2421410b764e4dfebeddf8d9249d2cba947c4,Uses the matching official English Red/Blue/Yellow scene as its primary voice while retaining Chinese-only facts and Famicom-specific terminology.
MAIN:0x03A4B8,D0468,"小茂:听说居合斩的名人也在船上,看了一下竟然是会晕船的老头!你也去看看吧,再会了!",GARY: I found the Cut master aboard: a seasick old man! Go see. Bye!,GARY: The Cut master aboard is just a seasick old man! Go see him. Smell ya!,Official English Red/Blue/Yellow + Chinese fidelity,adapted,https://github.com/pret/pokered,2ab2421410b764e4dfebeddf8d9249d2cba947c4,Uses the matching official English Red/Blue/Yellow scene as its primary voice while retaining Chinese-only facts and Famicom-specific terminology.
MAIN:0x03A538,D0472,水手:就算你的精灵有多强都不可能是你这种小孩该来的!,SAILOR: Even strong Pokémon can't make a kid belong here!,"This is no place for a kid, no matter how strong your Pokémon are!",Official English Red/Blue/Yellow + Chinese fidelity,adapted,https://github.com/pret/pokered,2ab2421410b764e4dfebeddf8d9249d2cba947c4,Uses the matching official English Red/Blue/Yellow scene as its primary voice while retaining Chinese-only facts and Famicom-specific terminology.
MAIN:0x03A555,D0473,女警君莎:抓到最近老是恶作剧的杰尼龟,JENNY: I caught the Squirtle making trouble lately.,JENNY: I caught a Squirtle that kept causing mischief.,Official English Red/Blue/Yellow + Chinese fidelity,adapted,https://github.com/pret/pokeyellow,e6ba56989b0f2694f393e6924820be11dcc1fbb8,Uses the matching official English Red/Blue/Yellow scene as its primary voice while retaining Chinese-only facts and Famicom-specific terminology.
MAIN:0x03A8A5,D0489,"拜托了,要好好照顾它哦!",Please care for it!,JENNY: Please treat Squirtle right!,Official English Red/Blue/Yellow + Chinese fidelity,adapted,https://github.com/pret/pokeyellow,e6ba56989b0f2694f393e6924820be11dcc1fbb8,Uses the matching official English Red/Blue/Yellow scene as its primary voice while retaining Chinese-only facts and Famicom-specific terminology.
MAIN:0x03A9D1,D0502,"小茂:听说居合斩的名人也在船上,看了一下竟然是会晕船的老头!你也去看看吧,再会了!","GARY: I heard the Cut master was aboard. I checked, and he's an old man who gets seasick! Go see for yourself. Later!",GARY: The Cut master aboard is just a seasick old man! Go see him. Smell ya!,Official English Red/Blue/Yellow + Chinese fidelity,adapted,https://github.com/pret/pokered,2ab2421410b764e4dfebeddf8d9249d2cba947c4,Uses the matching official English Red/Blue/Yellow scene as its primary voice while retaining Chinese-only facts and Famicom-specific terminology.
MAIN:0x03B188,D0563,"我终于明白了好好照顾宠物精灵,妙蛙种子很有精神,其实精灵也在找训练师,你能不能帮我照顾这只妙蛙种子呢?",Now I know how to care for Pokémon. Bulbasaur thrives; Pokémon seek Trainers too. Will you care for him?,I learned to care for Pokémon. Bulbasaur is thriving and seeks a Trainer. Will you care for it?,Official English Red/Blue/Yellow + Chinese fidelity,adapted,https://github.com/pret/pokeyellow,e6ba56989b0f2694f393e6924820be11dcc1fbb8,Uses the matching official English Red/Blue/Yellow scene as its primary voice while retaining Chinese-only facts and Famicom-specific terminology.
MAIN:0x03B1FF,D0565,那拜托你了!,Then I'm counting on you!,Please take good care of Bulbasaur!,Official English Red/Blue/Yellow + Chinese fidelity,adapted,https://github.com/pret/pokeyellow,e6ba56989b0f2694f393e6924820be11dcc1fbb8,Uses the matching official English Red/Blue/Yellow scene as its primary voice while retaining Chinese-only facts and Famicom-specific terminology.
MAIN:0x03B44A,D0588,女孩:对已死去的皮皮一直无法忘怀...糟糕又哭了...,GIRL: Can't forget my dead Clefairy... Crying again...,"I can't forget my dead Clefairy... Oh no, I'm crying again...",Official English Red/Blue/Yellow + Chinese fidelity,adapted,https://github.com/pret/pokeyellow,e6ba56989b0f2694f393e6924820be11dcc1fbb8,Uses the official English Gen I scene voice where it agrees with the Chinese; Chinese-only facts and bootleg-specific terminology are retained.
MAIN:0x03B4B9,D0590,"小茂:小智?你怎么也到这里来了,你的精灵死了吗?混蛋不是还活着吗!!小心我把你打的不能站起来!","GARY: Ash? Why here too? Your Pokémon died? Jerk, they're alive! I'll beat you till you drop!",GARY: Ash? Why are you here? Your Pokémon aren't dead! I can at least knock them flat! Let's go!,Official English Red/Blue/Yellow + Chinese fidelity,adapted,https://github.com/pret/pokered,2ab2421410b764e4dfebeddf8d9249d2cba947c4,Uses the official English Gen I scene voice where it agrees with the Chinese; Chinese-only facts and bootleg-specific terminology are retained.
MAIN:0x03B7C8,D0612,"裁判:哈哈哈,这个道馆好啊,都是女生!","REFEREE: Ha! Great Gym, all girls!",Heheh! This Gym is great! It's full of women!,Official English Red/Blue/Yellow + Chinese fidelity,adapted,https://github.com/pret/pokeyellow,e6ba56989b0f2694f393e6924820be11dcc1fbb8,Uses the matching official English Red/Blue/Yellow scene as its primary voice while retaining Chinese-only facts and Famicom-specific terminology.
MAIN:0x03B835,D0615,女生:喂!这里是只有女孩才能进入的!,GIRL: Hey! Girls only!,Hey! Only girls are allowed in here!,Official English Red/Blue/Yellow + Chinese fidelity,adapted,https://github.com/pret/pokeyellow,e6ba56989b0f2694f393e6924820be11dcc1fbb8,Uses the matching official English Red/Blue/Yellow scene as its primary voice while retaining Chinese-only facts and Famicom-specific terminology.
MAIN:0x03B9F1,D0629,"佳丽亚:真是强啊!这个彩虹徽章就奉送给您吧,有了这个徽章就能使用怪力术了!",ERIKA: Strong! This Rainbow Badge lets you use Strength! Take it!,ERIKA: You're very strong! Please take the Rainbow Badge. It lets you use Strength!,Official English Red/Blue/Yellow + Chinese fidelity,adapted,https://github.com/pret/pokered,2ab2421410b764e4dfebeddf8d9249d2cba947c4,Uses the official English Gen I scene voice where it agrees with the Chinese; Chinese-only facts and bootleg-specific terminology are retained.
MAIN:0x03BAF9,D0633,啊?在海报的后面有秘密按钮!按按看吧!,Huh? Secret button behind the poster! Push it!,Hey! A switch behind the poster!? Let's push it!,Official English Red/Blue/Yellow + Chinese fidelity,adapted,https://github.com/pret/pokered,2ab2421410b764e4dfebeddf8d9249d2cba947c4,Uses the matching official English Red/Blue/Yellow scene as its primary voice while retaining Chinese-only facts and Famicom-specific terminology.
MAIN:0x03BB57,D0636,火箭队:悄悄潜入火箭队的是什么家伙?,ROCKET: Who dares infiltrate us?,Who are you? How did you get here?,Official English Red/Blue/Yellow + Chinese fidelity,adapted,https://github.com/pret/pokered,2ab2421410b764e4dfebeddf8d9249d2cba947c4,Uses the matching official English Red/Blue/Yellow scene as its primary voice while retaining Chinese-only facts and Famicom-specific terminology.
MAIN:0x03BBFA,D0642,火箭队:发现侵入者!,ROCKET: Intruder!,Intruder alert!,Official English Red/Blue/Yellow + Chinese fidelity,adapted,https://github.com/pret/pokered,2ab2421410b764e4dfebeddf8d9249d2cba947c4,Uses the official English Gen I scene voice where it agrees with the Chinese; Chinese-only facts and bootleg-specific terminology are retained.
MAIN:0x03BC0A,D0643,火箭队:在找精灵眼镜吗?我不知道,ROCKET: Silph Scope? No idea.,Silph Scope? I don't know where it is!,Official English Red/Blue/Yellow + Chinese fidelity,adapted,https://github.com/pret/pokered,2ab2421410b764e4dfebeddf8d9249d2cba947c4,Uses the matching official English Red/Blue/Yellow scene as its primary voice while retaining Chinese-only facts and Famicom-specific terminology.
MAIN:0x03BE5E,D0661,火箭队:好大的胆子还敢到这里来捣乱!!,JAMES: How dare you cause trouble here!,JAMES: How dare you come here and cause trouble again!,Official English Red/Blue/Yellow + Chinese fidelity,adapted,https://github.com/pret/pokeyellow,e6ba56989b0f2694f393e6924820be11dcc1fbb8,Uses the matching official English Red/Blue/Yellow scene as its primary voice while retaining Chinese-only facts and Famicom-specific terminology.
MAIN:0x03C28D,D0688,火箭队:这个吉野老头真难缠!不打败我们是救不了吉野老头的!,JESSIE: Beat us to save pesky old Mr. Fuji!,JESSIE: Pesky Mr. Fuji! Beat us to save him!,Official English Red/Blue/Yellow + Chinese fidelity,adapted,https://github.com/pret/pokeyellow,e6ba56989b0f2694f393e6924820be11dcc1fbb8,Uses the matching official English Red/Blue/Yellow scene as its primary voice while retaining Chinese-only facts and Famicom-specific terminology.
MAIN:0x03C370,D0690,"吉野:你是来救我的吗?谢谢你...我是来告诫可拉可拉的母亲嘎拉嘎拉之灵而来的,看样子嘎拉嘎拉到天国去了!真要感谢你们特地来这!那现在跟我一起回家","MR. FUJI: Saving me? Thanks. I came to warn Marowak's spirit, Cubone's mom. She's in heaven! Thanks, you two. Let's go home.","MR. FUJI: Did you come to rescue me? Thank you... I came to calm the spirit of Marowak, Cubone's mother. It seems she has gone to heaven. Thank you for coming all this way. Now, come home with me.",Official English Red/Blue/Yellow + Chinese fidelity,adapted,https://github.com/pret/pokered,2ab2421410b764e4dfebeddf8d9249d2cba947c4,Uses the official English Gen I scene voice where it agrees with the Chinese; Chinese-only facts and bootleg-specific terminology are retained.
MAIN:0x03C464,D0692,"吉野:吹起宠物精灵笛就算是熟睡的精灵也会跳起,遇到睡着的精灵使用看看吧!",MR. FUJI: Poké Flute wakes even sound sleepers. Try it on one!,MR. FUJI: The Poké Flute wakes even sleeping Pokémon. Use it when you meet one!,Official English Red/Blue/Yellow + Chinese fidelity,adapted,https://github.com/pret/pokered,2ab2421410b764e4dfebeddf8d9249d2cba947c4,Uses the matching official English Red/Blue/Yellow scene as its primary voice while retaining Chinese-only facts and Famicom-specific terminology.
MAIN:0x03C493,D0693,守卫:好渴啊...想喝水...什么?这个矿泉水真的要送给我??好吧为了答谢你就特别的放你过去吧...,GUARD: Thirsty... Fresh Water for me? Thanks! I'll let you pass this once.,I'm parched! Fresh Water for me? Thanks! I'll let you pass.,Official English Red/Blue/Yellow + Chinese fidelity,adapted,https://github.com/pret/pokered,2ab2421410b764e4dfebeddf8d9249d2cba947c4,Uses the matching official English Red/Blue/Yellow scene as its primary voice while retaining Chinese-only facts and Famicom-specific terminology.
MAIN:0x03C765,D0716,小茂:等你很久了小智!!我就知道在这等你会出现的!好像被火箭队为难了!反正与我无关!!让我看看你底有没有变强!,"GARY: Knew you'd come, so I waited, Ash! Looks like Team Rocket troubled you. Don't care! Are you stronger now?","GARY: Hahaha! I knew you'd come, Ash! Team Rocket gave you trouble? I don't care! Show me how much stronger you've gotten!",Official English Red/Blue/Yellow + Chinese fidelity,adapted,https://github.com/pret/pokered,2ab2421410b764e4dfebeddf8d9249d2cba947c4,Uses the matching official English Red/Blue/Yellow scene as its primary voice while retaining Chinese-only facts and Famicom-specific terminology.
MAIN:0x03C7DF,D0717,小茂:开玩笑...那小智我先走了...我还要去精灵联盟挑战最强的四天王啊!!小智你也要加油喔!再见了!!,"GARY: Kidding... I'm off to challenge the League's Elite Four! Do your best, Ash! Bye!","GARY: Just kidding... I'm off to face the Elite Four! Keep it up, Ash! Smell ya!",Official English Red/Blue/Yellow + Chinese fidelity,adapted,https://github.com/pret/pokered,2ab2421410b764e4dfebeddf8d9249d2cba947c4,Uses the matching official English Red/Blue/Yellow scene as its primary voice while retaining Chinese-only facts and Famicom-specific terminology.
MAIN:0x03C8E5,D0724,火箭队:等等!老大在谈重要的事不能让你去打扰!,JAMES: Wait! Boss is in an important talk. Don't disturb him!,JAMES: Wait! Boss is discussing business. Don't disturb him!,Official English Red/Blue/Yellow + Chinese fidelity,adapted,https://github.com/pret/pokeyellow,e6ba56989b0f2694f393e6924820be11dcc1fbb8,Uses the matching official English Red/Blue/Yellow scene as its primary voice while retaining Chinese-only facts and Famicom-specific terminology.
MAIN:0x03C992,D0726,老大:哦?小智啊?又见面了...我现在在和新力的社员谈工作的事情.大人的世界小孩千万别插嘴!不然会很难看的!,"GIOVANNI: Ash? Again... I'm doing business with Silph staff. Stay out, kid, or it'll get ugly!","GIOVANNI: Ah, Ash! Again! I'm talking business with Silph staff. Stay out of grown-up matters, or face pain!",Official English Red/Blue/Yellow + Chinese fidelity,adapted,https://github.com/pret/pokered,2ab2421410b764e4dfebeddf8d9249d2cba947c4,Uses the matching official English Red/Blue/Yellow scene as its primary voice while retaining Chinese-only facts and Famicom-specific terminology.
MAIN:0x03CA26,D0727,老大:混蛋!没办法只好暂时放弃新力!我们火箭队是不灭的!所有的怪兽是为我们火箭队而存在的!小智你千万不要忘了!我先走了!!,"GIOVANNI: Darn! I quit Silph for now. Team Rocket never dies! All Pokémon exist for us! Remember, Ash! I'm off!","GIOVANNI: Blast it! I quit Silph for now. Team Rocket won't fall! All Pokémon exist for us! Remember, Ash! I'm off!",Official English Red/Blue/Yellow + Chinese fidelity,adapted,https://github.com/pret/pokered,2ab2421410b764e4dfebeddf8d9249d2cba947c4,Uses the official English Gen I scene voice where it agrees with the Chinese; Chinese-only facts and bootleg-specific terminology are retained.
MAIN:0x03D292,D0795,裁判:浅红道馆是栋有机关的房子.用眼睛是看不到墙的,REF: Fuchsia Gym uses invisible wall tricks.,Fuchsia Gym has invisible walls! Watch for gaps!,Official English Red/Blue/Yellow + Chinese fidelity,adapted,https://github.com/pret/pokered,2ab2421410b764e4dfebeddf8d9249d2cba947c4,Uses the matching official English Red/Blue/Yellow scene as its primary voice while retaining Chinese-only facts and Famicom-specific terminology.
MAIN:0x03D49D,D0810,"服务员:欢迎来到狩猎场!在这广大的狩猎广场有很多特有的宠物精灵,一次500元!要进去吗?","ATTENDANT: Welcome! Safari Zone is vast, with unique Pokémon. One visit: $500. Enter?",Welcome to the Safari Zone! Catch its unique Pokémon for $500. Join the hunt?,Official English Red/Blue/Yellow + Chinese fidelity,adapted,https://github.com/pret/pokered,2ab2421410b764e4dfebeddf8d9249d2cba947c4,Uses the matching official English Red/Blue/Yellow scene as its primary voice while retaining Chinese-only facts and Famicom-specific terminology.
MAIN:0x03D4FB,D0812,那么请进收您500元!祝您好运!!,Enter! Pay $500. Good luck!,That'll be $500. Good luck!,Official English Red/Blue/Yellow + Chinese fidelity,adapted,https://github.com/pret/pokered,2ab2421410b764e4dfebeddf8d9249d2cba947c4,Uses the official English Gen I scene voice where it agrees with the Chinese; Chinese-only facts and bootleg-specific terminology are retained.
MAIN:0x03D50C,D0813,"男孩:这里是最深处平时都没有人会来,我就送件礼物给你吧!","BOY: Deepest area, usually empty. A gift!",You reached the deepest area! You win a prize!,Official English Red/Blue/Yellow + Chinese fidelity,adapted,https://github.com/pret/pokered,2ab2421410b764e4dfebeddf8d9249d2cba947c4,Uses the matching official English Red/Blue/Yellow scene as its primary voice while retaining Chinese-only facts and Famicom-specific terminology.
MAIN:0x03D543,D0815,"男孩:特技03是冲浪术,你可以坐在宠物精灵身上通过水面!而且这个技能机器是用后也不会消失的!能拿到这么好的奖品你还真是幸运!",BOY: HM03 is Surf! Ride Pokémon over water. It's reusable. Lucky you!,HM03 is Surf! Ride Pokémon across water. This HM is reusable. Lucky you!,Official English Red/Blue/Yellow + Chinese fidelity,adapted,https://github.com/pret/pokered,2ab2421410b764e4dfebeddf8d9249d2cba947c4,Uses the matching official English Red/Blue/Yellow scene as its primary voice while retaining Chinese-only facts and Famicom-specific terminology.
MAIN:0x03D624,D0820,"园长:秘传04是怪力术,能推开挡路的大石头!!",WARDEN: HM04 is Strength. It moves blocking boulders!,HM04 is Strength! It moves boulders blocking the way!,Official English Red/Blue/Yellow + Chinese fidelity,adapted,https://github.com/pret/pokered,2ab2421410b764e4dfebeddf8d9249d2cba947c4,Uses the matching official English Red/Blue/Yellow scene as its primary voice while retaining Chinese-only facts and Famicom-specific terminology.
MAIN:0x03D910,D0852,二当家:看大当家怎么对付你!!,DEPUTY: Our master will handle you!,Wait until our Master deals with you!,Official English Red/Blue/Yellow + Chinese fidelity,adapted,https://github.com/pret/pokered,2ab2421410b764e4dfebeddf8d9249d2cba947c4,Uses the matching official English Red/Blue/Yellow scene as its primary voice while retaining Chinese-only facts and Famicom-specific terminology.
MAIN:0x03D933,D0853,"大当家:我是这个道馆的大当家,你会后悔的!",MASTER: I lead this dojo. You'll regret it!,I'm this dojo's Master. You'll regret challenging me!,Official English Red/Blue/Yellow + Chinese fidelity,adapted,https://github.com/pret/pokered,2ab2421410b764e4dfebeddf8d9249d2cba947c4,Uses the matching official English Red/Blue/Yellow scene as its primary voice while retaining Chinese-only facts and Famicom-specific terminology.
MAIN:0x03D9EC,D0857,裁判:未来的冠军!娜梅的精灵是使用超能力的...格斗系的攻击是没用的!,REF: Future Champ! Sabrina's psychic Pokémon nullify Fighting attacks!,Future Champ! Sabrina uses psychic power. Fighting Pokémon are weak to it!,Official English Red/Blue/Yellow + Chinese fidelity,adapted,https://github.com/pret/pokered,2ab2421410b764e4dfebeddf8d9249d2cba947c4,Uses the matching official English Red/Blue/Yellow scene as its primary voice while retaining Chinese-only facts and Famicom-specific terminology.
MAIN:0x03DA73,D0860,精神师:你知道吗?精灵只靠力量是不会赢的!,PSY: Know this? Pokémon can't win on strength alone!,You know that power alone isn't enough!,Official English Red/Blue/Yellow + Chinese fidelity,adapted,https://github.com/pret/pokered,2ab2421410b764e4dfebeddf8d9249d2cba947c4,Uses the matching official English Red/Blue/Yellow scene as its primary voice while retaining Chinese-only facts and Famicom-specific terminology.
MAIN:0x03DB75,D0868,超能力:你想见娜梅吧,PSY: Want to see Sabrina?,You want to see Sabrina?,Official English Red/Blue/Yellow + Chinese fidelity,adapted,https://github.com/pret/pokered,2ab2421410b764e4dfebeddf8d9249d2cba947c4,Uses the matching official English Red/Blue/Yellow scene as its primary voice while retaining Chinese-only facts and Famicom-specific terminology.
MAIN:0x03DBE1,D0872,"娜梅:我有预感你会来,我是超能力少女,我不喜欢战斗,不过我可以让你看看我的厉害!","SABRINA: I foresaw you. I'm psychic, hate battle, but see my power!","SABRINA: I foresaw you! I'm psychic. I dislike fighting, but I'll show my power!",Official English Red/Blue/Yellow + Chinese fidelity,adapted,https://github.com/pret/pokered,2ab2421410b764e4dfebeddf8d9249d2cba947c4,Uses the official English Gen I scene voice where it agrees with the Chinese; Chinese-only facts and bootleg-specific terminology are retained.
MAIN:0x03DEDF,D0899,博士:我一直都在研究珍贵的化石你有不错的化石吗?,DOC: I study rare fossils. Have a good one?,Hiya! I study rare Pokémon fossils. Have one?,Official English Red/Blue/Yellow + Chinese fidelity,adapted,https://github.com/pret/pokered,2ab2421410b764e4dfebeddf8d9249d2cba947c4,Uses the official English Gen I scene voice where it agrees with the Chinese; Chinese-only facts and bootleg-specific terminology are retained.
MAIN:0x03E1BB,D0915,裁判:未来的冠军!热情的阿桂是炎系的行家,"REF: Future Champ! Fiery Blaine, Fire expert!",Future Champ! Hot-headed Blaine is a Fire Pokémon pro!,Official English Red/Blue/Yellow + Chinese fidelity,adapted,https://github.com/pret/pokeyellow,e6ba56989b0f2694f393e6924820be11dcc1fbb8,Uses the official English Gen I scene voice where it agrees with the Chinese; Chinese-only facts and bootleg-specific terminology are retained.
MAIN:0x03EAB4,D0959,小次郎:那我就大发慈悲的告诉你们!,JAMES: Then I'll kindly tell you!,JAMES: And make it double!,English anime + Chinese fidelity,adapted,https://bulbapedia.bulbagarden.net/wiki/Team_Rocket%27s_Mottos,,Uses the recognizable English-dub motto cadence while retaining the Chinese segment's meaning and bootleg-specific details.
MAIN:0x03EC46,D0962,武藏:为了防止世界被破坏,JESSIE: Stop world destruction!,JESSIE: To protect the world from devastation!,English anime + Chinese fidelity,adapted,https://bulbapedia.bulbagarden.net/wiki/Team_Rocket%27s_Mottos,,Uses the recognizable English-dub motto cadence while retaining the Chinese segment's meaning and bootleg-specific details.
MAIN:0x03F27B,D0965,"妈妈:是嘛男孩子都是志在四方嘛!...嗯,电视上都是这么说的!对了,隔壁的大木博士在找你呢","MOM: That's right. Boys are meant to go out into the world! Well, that's what they say on TV. Professor Oak next door is looking for you.",Right. All boys leave home someday. It said so on TV. Professor Oak next door is looking for you.,Official English Red/Blue/Yellow + Chinese fidelity,adapted,https://github.com/pret/pokered,2ab2421410b764e4dfebeddf8d9249d2cba947c4,Uses the matching official English Red/Blue/Yellow scene as its primary voice while retaining Chinese-only facts and Famicom-specific terminology.
MAIN:0x03F2EE,D0966,"大木:喔?小茂你已经来啦?我不是叫你稍后再来嘛...既然来啦就再等一下吧!喔...小智在那有个圆圆的球吧,那里有宠物精灵是要给你的!拿去吧!","PROF. OAK: Oh? Gary, you're here already? Didn't I tell you to come later?... Since you're here, wait a little longer! Oh... Ash, see that round ball over there? It holds a Pokémon for you! Go ahead and take it!","OAK: Hmm? Gary? Why are you here already? I told you to come later... Ah, whatever! Wait there. Look, Ash! See that round ball? It holds a Pokémon for you. Go on, take it!",Official English Red/Blue/Yellow + Chinese fidelity,adapted,https://github.com/pret/pokeyellow,e6ba56989b0f2694f393e6924820be11dcc1fbb8,Uses the matching official English Red/Blue/Yellow scene as its primary voice while retaining Chinese-only facts and Famicom-specific terminology.
MAIN:0x03F3D2,D0967,欢迎!到精灵中心可以恢复精灵的体力.,Welcome! Pokémon Center heals Pokémon.,Welcome! We heal Pokémon to perfect health!,Official English Red/Blue/Yellow + Chinese fidelity,adapted,https://github.com/pret/pokered,2ab2421410b764e4dfebeddf8d9249d2cba947c4,Uses the official English Gen I scene voice where it agrees with the Chinese; Chinese-only facts and bootleg-specific terminology are retained.
RESTORED:0x0331B3,D0981,武藏:既然你诚心诚意的问了,JESSIE: Since you asked so earnestly...,JESSIE: Prepare for trouble!,English anime + Chinese fidelity,adapted,https://bulbapedia.bulbagarden.net/wiki/Team_Rocket%27s_Mottos,,Uses the recognizable English-dub motto cadence while retaining the Chinese segment's meaning and bootleg-specific details.
RESTORED:0x0331B5,D0982,小次郎:那我就大发慈悲的告诉你们!,JAMES: Then I'll be generous and tell you!,JAMES: And make it double!,English anime + Chinese fidelity,adapted,https://bulbapedia.bulbagarden.net/wiki/Team_Rocket%27s_Mottos,,Uses the recognizable English-dub motto cadence while retaining the Chinese segment's meaning and bootleg-specific details.
RESTORED:0x0331B7,D0983,武藏:为了防止世界被破坏,JESSIE: To prevent the world's destruction!,JESSIE: To protect the world from devastation!,English anime + Chinese fidelity,adapted,https://bulbapedia.bulbagarden.net/wiki/Team_Rocket%27s_Mottos,,Uses the recognizable English-dub motto cadence while retaining the Chinese segment's meaning and bootleg-specific details.
RESTORED:0x0331B9,D0984,小次郎:为了维护世界的和平.,JAMES: To protect the peace of the world.,JAMES: To unite all peoples in peace!,English anime + Chinese fidelity,adapted,https://bulbapedia.bulbagarden.net/wiki/Team_Rocket%27s_Mottos,,Uses the recognizable English-dub motto cadence while retaining the Chinese segment's meaning and bootleg-specific details.
RESTORED:0x0331BB,D0985,武藏:坚持爱与真实的罪恶,JESSIE: To uphold the evil of love and truth!,JESSIE: To denounce the evils of truth and love!,English anime + Chinese fidelity,adapted,https://bulbapedia.bulbagarden.net/wiki/Team_Rocket%27s_Mottos,,Uses the recognizable English-dub motto cadence while retaining the Chinese segment's meaning and bootleg-specific details.
RESTORED:0x0331BD,D0986,小次郎:最有魅力的反派人物!,JAMES: The most charming villains!,JAMES: Charming villains reaching for the stars!,English anime + Chinese fidelity,adapted,https://bulbapedia.bulbagarden.net/wiki/Team_Rocket%27s_Mottos,,Uses the recognizable English-dub motto cadence while retaining the Chinese segment's meaning and bootleg-specific details.
RESTORED:0x0331C3,D0989,武藏:我们是穿过银河系的南晶队!,"JESSIE: We are Team Nanjing, crossing the galaxy!",JESSIE: Team Nanjing blasts across the galaxy!,English anime + Chinese fidelity,adapted,https://bulbapedia.bulbagarden.net/wiki/Team_Rocket%27s_Mottos,,Uses the recognizable English-dub motto cadence while retaining the Chinese segment's meaning and bootleg-specific details.
RESTORED:0x0331C5,D0990,"小次郎:白洞,白色的明天在等着我们!",JAMES: A white hole! A white tomorrow awaits us!,JAMES: A white hole and bright tomorrow await!,English anime + Chinese fidelity,adapted,https://bulbapedia.bulbagarden.net/wiki/Team_Rocket%27s_Mottos,,Uses the recognizable English-dub motto cadence while retaining the Chinese segment's meaning and bootleg-specific details.
RESTORED:0x0331C7,D0991,喵喵:说的对!喵...,MEOWTH: That's right! Meow...,MEOWTH: Meowth! That's right!,English anime + Chinese fidelity,adapted,https://bulbapedia.bulbagarden.net/wiki/Team_Rocket%27s_Mottos,,Uses the recognizable English-dub motto cadence while retaining the Chinese segment's meaning and bootleg-specific details.
RESTORED:0x038313,D0994,小次郎:那我就大发慈悲的告诉你们!,JAMES: I'll kindly tell you!,JAMES: And make it double!,English anime + Chinese fidelity,adapted,https://bulbapedia.bulbagarden.net/wiki/Team_Rocket%27s_Mottos,,Uses the recognizable English-dub motto cadence while retaining the Chinese segment's meaning and bootleg-specific details.
RESTORED:0x038315,D0995,武藏:为了防止世界被破坏,JESSIE: Stop world destruction!,JESSIE: To protect the world from devastation!,English anime + Chinese fidelity,adapted,https://bulbapedia.bulbagarden.net/wiki/Team_Rocket%27s_Mottos,,Uses the recognizable English-dub motto cadence while retaining the Chinese segment's meaning and bootleg-specific details.
RESTORED:0x038317,D0996,小次郎:为了维护世界的和平.,JAMES: Guard world peace!,JAMES: To unite all peoples in peace!,English anime + Chinese fidelity,adapted,https://bulbapedia.bulbagarden.net/wiki/Team_Rocket%27s_Mottos,,Uses the recognizable English-dub motto cadence while retaining the Chinese segment's meaning and bootleg-specific details.
RESTORED:0x038319,D0997,武藏:坚持爱与真实的罪恶,JESSIE: Uphold evil of love and truth!,JESSIE: To denounce the evils of truth and love!,English anime + Chinese fidelity,adapted,https://bulbapedia.bulbagarden.net/wiki/Team_Rocket%27s_Mottos,,Uses the recognizable English-dub motto cadence while retaining the Chinese segment's meaning and bootleg-specific details.
RESTORED:0x03831B,D0998,小次郎:最有魅力的反派人物!,JAMES: Most charming villains!,JAMES: Charming villains reaching for the stars!,English anime + Chinese fidelity,adapted,https://bulbapedia.bulbagarden.net/wiki/Team_Rocket%27s_Mottos,,Uses the recognizable English-dub motto cadence while retaining the Chinese segment's meaning and bootleg-specific details.
RESTORED:0x038321,D1001,武藏:我们是穿过银河系的火箭队!,JESSIE: Team Rocket crosses the galaxy!,JESSIE: Team Rocket blasts across the galaxy!,English anime + Chinese fidelity,adapted,https://bulbapedia.bulbagarden.net/wiki/Team_Rocket%27s_Mottos,,Uses the recognizable English-dub motto cadence while retaining the Chinese segment's meaning and bootleg-specific details.
RESTORED:0x038323,D1002,"小次郎:白洞,白色的明天在等着我们!",JAMES: White hole! White tomorrow awaits us!,JAMES: A white hole and bright tomorrow await!,English anime + Chinese fidelity,adapted,https://bulbapedia.bulbagarden.net/wiki/Team_Rocket%27s_Mottos,,Uses the recognizable English-dub motto cadence while retaining the Chinese segment's meaning and bootleg-specific details.
RESTORED:0x038325,D1003,喵喵:说的对!喵...,MEOWTH: Right! Meow...,MEOWTH: Meowth! That's right!,English anime + Chinese fidelity,adapted,https://bulbapedia.bulbagarden.net/wiki/Team_Rocket%27s_Mottos,,Uses the recognizable English-dub motto cadence while retaining the Chinese segment's meaning and bootleg-specific details.
RESTORED:0x03AF96,D1009,武藏:既然你诚心诚意的问了,JESSIE: Since you asked earnestly...,JESSIE: Prepare for trouble!,English anime + Chinese fidelity,adapted,https://bulbapedia.bulbagarden.net/wiki/Team_Rocket%27s_Mottos,,Uses the recognizable English-dub motto cadence while retaining the Chinese segment's meaning and bootleg-specific details.
RESTORED:0x03AF98,D1010,小次郎:那我就大发慈悲的告诉你们!,JAMES: I'll kindly tell you!,JAMES: And make it double!,English anime + Chinese fidelity,adapted,https://bulbapedia.bulbagarden.net/wiki/Team_Rocket%27s_Mottos,,Uses the recognizable English-dub motto cadence while retaining the Chinese segment's meaning and bootleg-specific details.
RESTORED:0x03AF9A,D1011,武藏:为了防止世界被破坏,JESSIE: Stop world destruction!,JESSIE: To protect the world from devastation!,English anime + Chinese fidelity,adapted,https://bulbapedia.bulbagarden.net/wiki/Team_Rocket%27s_Mottos,,Uses the recognizable English-dub motto cadence while retaining the Chinese segment's meaning and bootleg-specific details.
RESTORED:0x03AF9C,D1012,小次郎:为了维护世界的和平.,JAMES: Guard world peace!,JAMES: To unite all peoples in peace!,English anime + Chinese fidelity,adapted,https://bulbapedia.bulbagarden.net/wiki/Team_Rocket%27s_Mottos,,Uses the recognizable English-dub motto cadence while retaining the Chinese segment's meaning and bootleg-specific details.
RESTORED:0x03AF9E,D1013,武藏:坚持爱与真实的罪恶,JESSIE: Uphold evil of love and truth!,JESSIE: To denounce the evils of truth and love!,English anime + Chinese fidelity,adapted,https://bulbapedia.bulbagarden.net/wiki/Team_Rocket%27s_Mottos,,Uses the recognizable English-dub motto cadence while retaining the Chinese segment's meaning and bootleg-specific details.
RESTORED:0x03AFA0,D1014,小次郎:最有魅力的反派人物!,JAMES: Most charming villains!,JAMES: Charming villains reaching for the stars!,English anime + Chinese fidelity,adapted,https://bulbapedia.bulbagarden.net/wiki/Team_Rocket%27s_Mottos,,Uses the recognizable English-dub motto cadence while retaining the Chinese segment's meaning and bootleg-specific details.
RESTORED:0x03AFA6,D1017,武藏:我们是穿过银河系的火箭队!,JESSIE: Team Rocket crosses the galaxy!,JESSIE: Team Rocket blasts across the galaxy!,English anime + Chinese fidelity,adapted,https://bulbapedia.bulbagarden.net/wiki/Team_Rocket%27s_Mottos,,Uses the recognizable English-dub motto cadence while retaining the Chinese segment's meaning and bootleg-specific details.
RESTORED:0x03AFA8,D1018,"小次郎:白洞,白色的明天在等着我们!",JAMES: White hole! White tomorrow awaits us!,JAMES: A white hole and bright tomorrow await!,English anime + Chinese fidelity,adapted,https://bulbapedia.bulbagarden.net/wiki/Team_Rocket%27s_Mottos,,Uses the recognizable English-dub motto cadence while retaining the Chinese segment's meaning and bootleg-specific details.
RESTORED:0x03AFAA,D1019,喵喵:说的对!喵...,MEOWTH: Right! Meow...,MEOWTH: Meowth! That's right!,English anime + Chinese fidelity,adapted,https://bulbapedia.bulbagarden.net/wiki/Team_Rocket%27s_Mottos,,Uses the recognizable English-dub motto cadence while retaining the Chinese segment's meaning and bootleg-specific details.
RESTORED:0x03AFEC,D1024,武藏:既然你诚心诚意的问了,JESSIE: Since you asked earnestly...,JESSIE: Prepare for trouble!,English anime + Chinese fidelity,adapted,https://bulbapedia.bulbagarden.net/wiki/Team_Rocket%27s_Mottos,,Uses the recognizable English-dub motto cadence while retaining the Chinese segment's meaning and bootleg-specific details.
RESTORED:0x03AFEE,D1025,小次郎:那我就大发慈悲的告诉你们!,JAMES: I'll kindly tell you!,JAMES: And make it double!,English anime + Chinese fidelity,adapted,https://bulbapedia.bulbagarden.net/wiki/Team_Rocket%27s_Mottos,,Uses the recognizable English-dub motto cadence while retaining the Chinese segment's meaning and bootleg-specific details.
RESTORED:0x03AFF0,D1026,武藏:为了防止世界被破坏,JESSIE: Stop world destruction!,JESSIE: To protect the world from devastation!,English anime + Chinese fidelity,adapted,https://bulbapedia.bulbagarden.net/wiki/Team_Rocket%27s_Mottos,,Uses the recognizable English-dub motto cadence while retaining the Chinese segment's meaning and bootleg-specific details.
RESTORED:0x03AFF2,D1027,小次郎:为了维护世界的和平.,JAMES: Guard world peace!,JAMES: To unite all peoples in peace!,English anime + Chinese fidelity,adapted,https://bulbapedia.bulbagarden.net/wiki/Team_Rocket%27s_Mottos,,Uses the recognizable English-dub motto cadence while retaining the Chinese segment's meaning and bootleg-specific details.
RESTORED:0x03AFF4,D1028,武藏:坚持爱与真实的罪恶,JESSIE: Uphold evil of love and truth!,JESSIE: To denounce the evils of truth and love!,English anime + Chinese fidelity,adapted,https://bulbapedia.bulbagarden.net/wiki/Team_Rocket%27s_Mottos,,Uses the recognizable English-dub motto cadence while retaining the Chinese segment's meaning and bootleg-specific details.
RESTORED:0x03AFF6,D1029,小次郎:最有魅力的反派人物!,JAMES: Most charming villains!,JAMES: Charming villains reaching for the stars!,English anime + Chinese fidelity,adapted,https://bulbapedia.bulbagarden.net/wiki/Team_Rocket%27s_Mottos,,Uses the recognizable English-dub motto cadence while retaining the Chinese segment's meaning and bootleg-specific details.
RESTORED:0x03AFFC,D1032,武藏:我们是穿过银河系的火箭队!,JESSIE: Team Rocket crosses the galaxy!,JESSIE: Team Rocket blasts across the galaxy!,English anime + Chinese fidelity,adapted,https://bulbapedia.bulbagarden.net/wiki/Team_Rocket%27s_Mottos,,Uses the recognizable English-dub motto cadence while retaining the Chinese segment's meaning and bootleg-specific details.
RESTORED:0x03AFFE,D1033,"小次郎:白洞,白色的明天在等着我们!",JAMES: White hole! White tomorrow awaits us!,JAMES: A white hole and bright tomorrow await!,English anime + Chinese fidelity,adapted,https://bulbapedia.bulbagarden.net/wiki/Team_Rocket%27s_Mottos,,Uses the recognizable English-dub motto cadence while retaining the Chinese segment's meaning and bootleg-specific details.
RESTORED:0x03B000,D1034,喵喵:说的对!喵...,MEOWTH: Right! Meow...,MEOWTH: Meowth! That's right!,English anime + Chinese fidelity,adapted,https://bulbapedia.bulbagarden.net/wiki/Team_Rocket%27s_Mottos,,Uses the recognizable English-dub motto cadence while retaining the Chinese segment's meaning and bootleg-specific details.
RESTORED:0x03CF3E,D1037,武藏:既然你诚心诚意的问了,JESSIE: Since you asked so sincerely...,JESSIE: Prepare for trouble!,English anime + Chinese fidelity,adapted,https://bulbapedia.bulbagarden.net/wiki/Team_Rocket%27s_Mottos,,Uses the recognizable English-dub motto cadence while retaining the Chinese segment's meaning and bootleg-specific details.
RESTORED:0x03CF40,D1038,小次郎:那我就大发慈悲的告诉你们!,JAMES: Then I'll be generous and tell you!,JAMES: And make it double!,English anime + Chinese fidelity,adapted,https://bulbapedia.bulbagarden.net/wiki/Team_Rocket%27s_Mottos,,Uses the recognizable English-dub motto cadence while retaining the Chinese segment's meaning and bootleg-specific details.
RESTORED:0x03CF42,D1039,武藏:为了防止世界被破坏,JESSIE: To prevent the world from being destroyed!,JESSIE: To protect the world from devastation!,English anime + Chinese fidelity,adapted,https://bulbapedia.bulbagarden.net/wiki/Team_Rocket%27s_Mottos,,Uses the recognizable English-dub motto cadence while retaining the Chinese segment's meaning and bootleg-specific details.
RESTORED:0x03CF44,D1040,小次郎:为了维护世界的和平.,JAMES: To protect world peace!,JAMES: To unite all peoples in peace!,English anime + Chinese fidelity,adapted,https://bulbapedia.bulbagarden.net/wiki/Team_Rocket%27s_Mottos,,Uses the recognizable English-dub motto cadence while retaining the Chinese segment's meaning and bootleg-specific details.
RESTORED:0x03CF46,D1041,武藏:坚持爱与真实的罪恶,JESSIE: To uphold the evil of love and truth!,JESSIE: To denounce the evils of truth and love!,English anime + Chinese fidelity,adapted,https://bulbapedia.bulbagarden.net/wiki/Team_Rocket%27s_Mottos,,Uses the recognizable English-dub motto cadence while retaining the Chinese segment's meaning and bootleg-specific details.
RESTORED:0x03CF48,D1042,小次郎:最有魅力的反派人物!,JAMES: We're the most charming villains!,JAMES: Charming villains reaching for the stars!,English anime + Chinese fidelity,adapted,https://bulbapedia.bulbagarden.net/wiki/Team_Rocket%27s_Mottos,,Uses the recognizable English-dub motto cadence while retaining the Chinese segment's meaning and bootleg-specific details.
RESTORED:0x03CF4E,D1045,武藏:我们是穿过银河系的火箭队!,"JESSIE: We are Team Rocket, crossing the galaxy!",JESSIE: Team Rocket blasts across the galaxy!,English anime + Chinese fidelity,adapted,https://bulbapedia.bulbagarden.net/wiki/Team_Rocket%27s_Mottos,,Uses the recognizable English-dub motto cadence while retaining the Chinese segment's meaning and bootleg-specific details.
RESTORED:0x03CF50,D1046,"小次郎:白洞,白色的明天在等着我们!",JAMES: A white hole! A white tomorrow awaits us!,JAMES: A white hole and bright tomorrow await!,English anime + Chinese fidelity,adapted,https://bulbapedia.bulbagarden.net/wiki/Team_Rocket%27s_Mottos,,Uses the recognizable English-dub motto cadence while retaining the Chinese segment's meaning and bootleg-specific details.
RESTORED:0x03CF52,D1047,喵喵:说的对!喵...,MEOWTH: That's right! Meow...,MEOWTH: Meowth! That's right!,English anime + Chinese fidelity,adapted,https://bulbapedia.bulbagarden.net/wiki/Team_Rocket%27s_Mottos,,Uses the recognizable English-dub motto cadence while retaining the Chinese segment's meaning and bootleg-specific details.
RESTORED:0x03D07A,D1051,小次郎:为了维护世界的和平.,JAMES: To protect world peace!,JAMES: To unite all peoples in peace!,English anime + Chinese fidelity,adapted,https://bulbapedia.bulbagarden.net/wiki/Team_Rocket%27s_Mottos,,Uses the recognizable English-dub motto cadence while retaining the Chinese segment's meaning and bootleg-specific details.
RESTORED:0x03D07C,D1052,武藏:坚持爱与真实的罪恶,JESSIE: To uphold the evil of love and truth!,JESSIE: To denounce the evils of truth and love!,English anime + Chinese fidelity,adapted,https://bulbapedia.bulbagarden.net/wiki/Team_Rocket%27s_Mottos,,Uses the recognizable English-dub motto cadence while retaining the Chinese segment's meaning and bootleg-specific details.
RESTORED:0x03D07E,D1053,小次郎:最有魅力的反派人物!,JAMES: We're the most charming villains!,JAMES: Charming villains reaching for the stars!,English anime + Chinese fidelity,adapted,https://bulbapedia.bulbagarden.net/wiki/Team_Rocket%27s_Mottos,,Uses the recognizable English-dub motto cadence while retaining the Chinese segment's meaning and bootleg-specific details.
