stable_key,dialogue_id,reference_class,chinese_text,english_v2,disposition,source_url,source_revision,review_note
MAIN:0x03082C,D0001,Red/Blue/Yellow shared,"你好!欢迎你光临宠物精灵的世界!大家都叫我大木博士,在这世界住着被称为宠物精灵的生物!","PROF. OAK: Hello there! Welcome to the world of Pokémon! I'm Oak, the Pokémon Prof.! Creatures called Pokémon live here!",adapted_to_official_english,https://github.com/pret/pokered,2ab2421410b764e4dfebeddf8d9249d2cba947c4,Uses the matching official English Red/Blue/Yellow scene as its primary voice while retaining Chinese-only facts and Famicom-specific terminology.
MAIN:0x03329F,D0010,Red/Blue/Yellow shared,"小茂:怎么了?小智在这里遇见你还真是偶然啊!你也去宠物精灵联盟啊?徽章也都收集齐了,干的不错嘛!不过在去联盟之前先和我比试一场吧!","GARY: Ash! What a surprise! Going to the Pokémon League? Got all the Badges? Not bad! First, a warm-up battle!",adapted_to_official_english,https://github.com/pret/pokered,2ab2421410b764e4dfebeddf8d9249d2cba947c4,Uses the matching official English Red/Blue/Yellow scene as its primary voice while retaining Chinese-only facts and Famicom-specific terminology.
MAIN:0x03331B,D0011,Red/Blue/Yellow shared,"小茂:我只是一时太大意了,可恶!不过你这样的水平想称霸精灵联盟...你还是多练习一下比较好!我多管闲事了啊,那我先走了!再会了...",GARY: I got careless! You need more practice before ruling the League. I've meddled enough. Smell ya later!,adapted_to_official_english,https://github.com/pret/pokered,2ab2421410b764e4dfebeddf8d9249d2cba947c4,Uses the matching official English Red/Blue/Yellow scene as its primary voice while retaining Chinese-only facts and Famicom-specific terminology.
MAIN:0x033395,D0012,Red/Blue/Yellow shared,守卫:啊!你拿的的确是联盟徽章!请通过吧!,Those are League Badges! You may pass!,adapted_to_official_english,https://github.com/pret/pokered,2ab2421410b764e4dfebeddf8d9249d2cba947c4,Uses the matching official English Red/Blue/Yellow scene as its primary voice while retaining Chinese-only facts and Famicom-specific terminology.
MAIN:0x03353B,D0024,Red/Blue/Yellow shared,女孩:现在就开始四大天王的对战!朝最强努力吧!,Your Elite Four battles begin now! Go for the top!,adapted_to_official_english,https://github.com/pret/pokered,2ab2421410b764e4dfebeddf8d9249d2cba947c4,Uses the matching official English Red/Blue/Yellow scene as its primary voice while retaining Chinese-only facts and Famicom-specific terminology.
MAIN:0x033583,D0025,Red/Blue/Yellow shared,"加纳:欢迎来到宠物精灵联盟!我是冰系四天王加纳!还没碰过害怕的东西,让我生气了就让你的精灵动弹不得!哈哈觉悟吧!","LORELEI: Welcome to the League! I'm Lorelei of the Elite Four, an Ice-type master! I fear nothing. Anger me and I'll freeze your Pokémon solid! Hahaha! Ready?",adapted_to_official_english,https://github.com/pret/pokered,2ab2421410b764e4dfebeddf8d9249d2cba947c4,Uses the matching official English Red/Blue/Yellow scene as its primary voice while retaining Chinese-only facts and Famicom-specific terminology.
MAIN:0x033604,D0026,Red/Blue/Yellow shared,"加纳:你到底是什么人物?...好吧,我输了就朝下一个房间前进吧",LORELEI: Who are you...? I lost. Go to the next room.,chinese_specific_retained,https://github.com/pret/pokered,2ab2421410b764e4dfebeddf8d9249d2cba947c4,Reviewed against the matching English Red/Blue/Yellow scene; the Chinese/Famicom wording is retained because the official line omits or contradicts a material source detail.
MAIN:0x03365E,D0027,Red/Blue/Yellow shared,"西巴:我是地系四天王西巴!不管是精灵或人只要战斗磨练都能变的很强,就靠这中磨练与我的精灵工生存!你是小智吧,来尝尝我们的超级力量吧!","BRUNO: I'm Bruno, the Elite Four's Ground-type master! Training makes people and Pokémon stronger. My team and I live by it! Ash, face our power!",adapted_to_official_english,https://github.com/pret/pokered,2ab2421410b764e4dfebeddf8d9249d2cba947c4,Uses the matching official English Red/Blue/Yellow scene as its primary voice while retaining Chinese-only facts and Famicom-specific terminology.
MAIN:0x0336E4,D0028,Red/Blue/Yellow shared,"西巴:到底是怎么回事?我竟然输了...既然输了,我无话可说,你就前进吧!",BRUNO: How did I lose...? Nothing more to say. Go on!,chinese_specific_retained,https://github.com/pret/pokered,2ab2421410b764e4dfebeddf8d9249d2cba947c4,Reviewed against the matching English Red/Blue/Yellow scene; the Chinese/Famicom wording is retained because the official line omits or contradicts a material source detail.
MAIN:0x033715,D0029,Red/Blue/Yellow shared,"菊子:我是鬼系四天王菊子,听说真新镇的大木博士相当疼你!大木博士以前是相当强的男人!现在看不出来了,光只是做宠物精灵图鉴是不够的!精灵是要用来战斗的!让我来教你真正的战斗吧!","AGATHA: I'm Agatha, the Elite Four's Ghost-type master. I hear Oak of Pallet Town is fond of you! He was once strong, but you'd never know it now. A Pokédex isn't enough. Pokémon are for fighting! I'll show you a real battle!",adapted_to_official_english,https://github.com/pret/pokered,2ab2421410b764e4dfebeddf8d9249d2cba947c4,Uses the official English Gen I scene voice where it agrees with the Chinese; Chinese-only facts and bootleg-specific terminology are retained.
MAIN:0x033814,D0030,Red/Blue/Yellow shared,"菊子:真了不起啊,是你胜了,大木博士真有眼光,我心服口服你就朝下一个房间去吧!","AGATHA: You win! I see what Oak saw in you. Go on, child!",adapted_to_official_english,https://github.com/pret/pokered,2ab2421410b764e4dfebeddf8d9249d2cba947c4,Uses the official English Gen I scene voice where it agrees with the Chinese; Chinese-only facts and bootleg-specific terminology are retained.
MAIN:0x033861,D0031,Red/Blue/Yellow shared,"瓦它诺:你是小智?我是龙系四天王菊子瓦它诺,你应该知道龙是神圣传说中的生物,很难抓但培育的好将是天下第一!一般的攻击对龙系是没用的!开始吧,我会让你夹着尾巴逃跑的!","LANCE: I'm Lance, the Elite Four's Dragon-type master! Dragons are sacred legends, hard to catch but supreme when raised well. Common attacks are useless against them! Prepare to lose, Ash!",adapted_to_official_english,https://github.com/pret/pokered,2ab2421410b764e4dfebeddf8d9249d2cba947c4,Uses the matching official English Red/Blue/Yellow scene as its primary voice while retaining Chinese-only facts and Famicom-specific terminology.
MAIN:0x0338F4,D0032,Red/Blue/Yellow shared,"瓦它诺:虽然难过但你的技术一流!我想说小智从今开始你是宠物精灵联盟的冠军!但你必须再与一人战斗不可!那位训练家就是...小茂!他比你早战胜我们四天王,所以你们要决出真正的冠军,去吧小智!","LANCE: My dragons lost! You're first-rate, but Gary beat us first. Battle him for the true Champion title! Go, Ash!",adapted_to_official_english,https://github.com/pret/pokered,2ab2421410b764e4dfebeddf8d9249d2cba947c4,Uses the matching official English Red/Blue/Yellow scene as its primary voice while retaining Chinese-only facts and Famicom-specific terminology.
MAIN:0x0339A9,D0033,Red/Blue/Yellow shared,"小茂:小智啊?你也来了?既然做为对手的你这么弱也没什么好竞争的!我在收集图鉴的同时也找到一些完美的精灵!告诉你吧,我就是世界最强的精灵训练师!!","GARY: Ash! A weak rival is no competition! While filling my Pokédex, I found some perfect Pokémon. I'm the world's strongest Trainer!",adapted_to_official_english,https://github.com/pret/pokered,2ab2421410b764e4dfebeddf8d9249d2cba947c4,Uses the matching official English Red/Blue/Yellow scene as its primary voice while retaining Chinese-only facts and Famicom-specific terminology.
MAIN:0x033B7F,D0035,Red/Blue/Yellow shared,"大木博士:小智,你能制霸宠物精灵联盟!不是你一个人的力量!是你与精灵之间巧妙的感情!小智你跟我来!",PROF. OAK: Ash! Your victory wasn't yours alone. Your bond with your Pokémon is marvelous! Come with me!,adapted_to_official_english,https://github.com/pret/pokered,2ab2421410b764e4dfebeddf8d9249d2cba947c4,Uses the matching official English Red/Blue/Yellow scene as its primary voice while retaining Chinese-only facts and Famicom-specific terminology.
MAIN:0x033F45,D0045,Red/Blue/Yellow shared,"加纳:欢迎来到宠物精灵联盟!我是冰系四天王加纳!还没碰过害怕的东西,让我生气了就让你的精灵动弹不得!哈哈觉悟吧!","LORELEI: Welcome to the League! I'm Lorelei of the Elite Four, an Ice-type master! I fear nothing. Anger me and I'll freeze your Pokémon solid! Hahaha! Ready?",adapted_to_official_english,https://github.com/pret/pokered,2ab2421410b764e4dfebeddf8d9249d2cba947c4,Uses the matching official English Red/Blue/Yellow scene as its primary voice while retaining Chinese-only facts and Famicom-specific terminology.
MAIN:0x033FC5,D0046,Red/Blue/Yellow shared,"加纳:你到底是什么人物?...好吧,我输了就朝下一个房间前进吧",LORELEI: Who are you...? I lost. Go to the next room.,chinese_specific_retained,https://github.com/pret/pokered,2ab2421410b764e4dfebeddf8d9249d2cba947c4,Reviewed against the matching English Red/Blue/Yellow scene; the Chinese/Famicom wording is retained because the official line omits or contradicts a material source detail.
MAIN:0x033FFF,D0047,Red/Blue/Yellow shared,"西巴:我是地系四天王西巴!不管是精灵或人只要战斗磨练都能变的很强,就靠这中磨练与我的精灵工生存!你是小智吧,来尝尝我们的超级力量吧!","BRUNO: I'm Bruno, the Elite Four's Ground-type master! Training makes people and Pokémon stronger. My team and I live by it! Ash, face our power!",adapted_to_official_english,https://github.com/pret/pokered,2ab2421410b764e4dfebeddf8d9249d2cba947c4,Uses the matching official English Red/Blue/Yellow scene as its primary voice while retaining Chinese-only facts and Famicom-specific terminology.
MAIN:0x03407F,D0048,Red/Blue/Yellow shared,"西巴:到底是怎么回事?我竟然输了...既然输了,我无话可说,你就前进吧!",BRUNO: How did I lose...? Nothing more to say. Go on!,chinese_specific_retained,https://github.com/pret/pokered,2ab2421410b764e4dfebeddf8d9249d2cba947c4,Reviewed against the matching English Red/Blue/Yellow scene; the Chinese/Famicom wording is retained because the official line omits or contradicts a material source detail.
MAIN:0x0340C1,D0049,Red/Blue/Yellow shared,"菊子:我是鬼系四天王菊子,听说真新镇的大木博士相当疼你!大木博士以前是相当强的男人!现在看不出来了,光只是做宠物精灵图鉴是不够的!精灵是要用来战斗的!让我来教你真正的战斗吧!","AGATHA: I'm Agatha, the Elite Four's Ghost-type master. I hear Oak of Pallet Town is fond of you! He was once strong, but you'd never know it now. A Pokédex isn't enough. Pokémon are for fighting! I'll show you a real battle!",adapted_to_official_english,https://github.com/pret/pokered,2ab2421410b764e4dfebeddf8d9249d2cba947c4,Uses the matching official English Red/Blue/Yellow scene as its primary voice while retaining Chinese-only facts and Famicom-specific terminology.
MAIN:0x034169,D0050,Red/Blue/Yellow shared,"瓦它诺:你是小智?我是龙系四天王菊子瓦它诺,你应该知道龙是神圣传说中的生物,很难抓但培育的好将是天下第一!一般的攻击对龙系是没用的!开始吧,我会让你夹着尾巴逃跑的!","LANCE: I'm Lance, the Elite Four's Dragon-type master! Dragons are sacred legends, hard to catch but supreme when raised well. Common attacks are useless against them! Prepare to lose, Ash!",adapted_to_official_english,https://github.com/pret/pokered,2ab2421410b764e4dfebeddf8d9249d2cba947c4,Uses the matching official English Red/Blue/Yellow scene as its primary voice while retaining Chinese-only facts and Famicom-specific terminology.
MAIN:0x034207,D0051,Red/Blue/Yellow shared,瓦它诺:虽然难过但你的技术一流!不过要想成为真正的冠军就应该进入冠军的房间打败里面的训练师!!他比你早一步打败我们四天王!,"LANCE: You're first-rate! But to become the true Champion, enter the Champion's room and defeat the Trainer who beat us before you!",adapted_to_official_english,https://github.com/pret/pokered,2ab2421410b764e4dfebeddf8d9249d2cba947c4,Uses the matching official English Red/Blue/Yellow scene as its primary voice while retaining Chinese-only facts and Famicom-specific terminology.
MAIN:0x03447C,D0054,Red/Blue/Yellow shared,"大木博士:你又堂堂正正的赢了!恭喜你小智,从你刚开始得到比卡丘开始到现在你真的变强了,应该说你长大了!小智,你能制霸宠物精灵联盟!不是你一个人的力量!是你与精灵之间巧妙的感情!小智你跟我来!","PROF. OAK: Fair and square again! Congratulations, Ash! You've grown strong since Pikachu. Your victory was not yours alone; your Pokémon bond is marvelous! Come with me!",adapted_to_official_english,https://github.com/pret/pokered,2ab2421410b764e4dfebeddf8d9249d2cba947c4,Uses the matching official English Red/Blue/Yellow scene as its primary voice while retaining Chinese-only facts and Famicom-specific terminology.
MAIN:0x03456E,D0055,Red/Blue/Yellow shared,"大木博士:小智,你经过激烈的战斗!而如今成为联盟冠军!在此记录下小智的名字与精灵的名字吧!和我一起回家吧,你妈妈一定很想你","PROF. OAK: Fierce battles made you Champion, Ash! Your name and Pokémon go on record. Let's go home. Mom must miss you!",adapted_to_official_english,https://github.com/pret/pokered,2ab2421410b764e4dfebeddf8d9249d2cba947c4,Uses the matching official English Red/Blue/Yellow scene as its primary voice while retaining Chinese-only facts and Famicom-specific terminology.
MAIN:0x034C09,D0103,Red/Blue/Yellow shared,欢迎!到精灵中心可以恢复精灵的体力.,Welcome! We heal Pokémon to perfect health!,adapted_to_official_english,https://github.com/pret/pokered,2ab2421410b764e4dfebeddf8d9249d2cba947c4,Uses the official English Gen I scene voice where it agrees with the Chinese; Chinese-only facts and bootleg-specific terminology are retained.
MAIN:0x034C2D,D0104,Red/Blue/Yellow shared,您的精灵都精神了!!欢迎光临!!,Your Pokémon are fighting fit! See you again!,adapted_to_official_english,https://github.com/pret/pokered,2ab2421410b764e4dfebeddf8d9249d2cba947c4,Uses the matching official English Red/Blue/Yellow scene as its primary voice while retaining Chinese-only facts and Famicom-specific terminology.
MAIN:0x034C96,D0107,Red/Blue/Yellow shared,欢迎!买东西吗?,Hi there! May I help you?,adapted_to_official_english,https://github.com/pret/pokered,2ab2421410b764e4dfebeddf8d9249d2cba947c4,Uses the matching official English Red/Blue/Yellow scene as its primary voice while retaining Chinese-only facts and Famicom-specific terminology.
MAIN:0x034CA6,D0108,Red/Blue/Yellow shared,谢谢惠顾!!,Thank you! Please come again!,adapted_to_official_english,https://github.com/pret/pokered,2ab2421410b764e4dfebeddf8d9249d2cba947c4,Uses the matching official English Red/Blue/Yellow scene as its primary voice while retaining Chinese-only facts and Famicom-specific terminology.
MAIN:0x034DE5,D0114,Red/Blue/Yellow shared,我从没见过这家道场的首领,I've never seen this Gym's Leader.,adapted_to_official_english,https://github.com/pret/pokered,2ab2421410b764e4dfebeddf8d9249d2cba947c4,Uses the matching official English Red/Blue/Yellow scene as its primary voice while retaining Chinese-only facts and Famicom-specific terminology.
MAIN:0x034F38,D0123,Red/Blue/Yellow shared,尼比市的捉虫少年和道馆的小刚不一样!!,The Bug Catchers in Pewter City are nothing like Brock at the Gym!,chinese_specific_retained,https://github.com/pret/pokered,2ab2421410b764e4dfebeddf8d9249d2cba947c4,Reviewed against the matching English Red/Blue/Yellow scene; the Chinese/Famicom wording is retained because the official line omits or contradicts a material source detail.
MAIN:0x034FBD,D0127,Red/Blue/Yellow shared,"小孩子需要50元,参观吗?",It's $50 for a child's ticket. Would you like to come in?,adapted_to_official_english,https://github.com/pret/pokered,2ab2421410b764e4dfebeddf8d9249d2cba947c4,Uses the matching official English Red/Blue/Yellow scene as its primary voice while retaining Chinese-only facts and Famicom-specific terminology.
MAIN:0x034FCE,D0128,Red/Blue/Yellow shared,"好的,50元收下了!","Right! $50, please!",adapted_to_official_english,https://github.com/pret/pokered,2ab2421410b764e4dfebeddf8d9249d2cba947c4,Uses the matching official English Red/Blue/Yellow scene as its primary voice while retaining Chinese-only facts and Famicom-specific terminology.
MAIN:0x034FE0,D0129,Red/Blue/Yellow shared,再来啊,Come again!,adapted_to_official_english,https://github.com/pret/pokered,2ab2421410b764e4dfebeddf8d9249d2cba947c4,Uses the matching official English Red/Blue/Yellow scene as its primary voice while retaining Chinese-only facts and Famicom-specific terminology.
MAIN:0x035077,D0134,Red/Blue/Yellow shared,"太不幸了,这家人被偷了!是火箭队干的!即使是警察也拿火箭队没办法!",Those poor people were robbed! We're sure Team Rocket did it. Even our Police Force has trouble with them!,adapted_to_official_english,https://github.com/pret/pokered,2ab2421410b764e4dfebeddf8d9249d2cba947c4,Uses the matching official English Red/Blue/Yellow scene as its primary voice while retaining Chinese-only facts and Famicom-specific terminology.
MAIN:0x035206,D0145,Red/Blue/Yellow shared,"这里是精灵的墓地,有名的城镇...精灵死的时候都会带到精灵塔","This town is famous for its Pokémon graveyard. When Pokémon die, they're brought to Pokémon Tower.",adapted_to_official_english,https://github.com/pret/pokered,2ab2421410b764e4dfebeddf8d9249d2cba947c4,Uses the matching official English Red/Blue/Yellow scene as its primary voice while retaining Chinese-only facts and Famicom-specific terminology.
MAIN:0x03523F,D0146,Red/Blue/Yellow shared,最近幽灵塔里好象出现幽灵...好像是被火箭队杀害的精灵的幽灵...,Ghosts appeared in Pokémon Tower. I think they're the spirits of Pokémon that Team Rocket killed.,adapted_to_official_english,https://github.com/pret/pokered,2ab2421410b764e4dfebeddf8d9249d2cba947c4,Uses the matching official English Red/Blue/Yellow scene as its primary voice while retaining Chinese-only facts and Famicom-specific terminology.
MAIN:0x035279,D0147,Red/Blue/Yellow shared,你相信有幽灵的存在吗?,Do you believe in ghosts?,chinese_specific_retained,https://github.com/pret/pokered,2ab2421410b764e4dfebeddf8d9249d2cba947c4,Reviewed against the matching English Red/Blue/Yellow scene; the Chinese/Famicom wording is retained because the official line omits or contradicts a material source detail.
MAIN:0x0352E4,D0151,Red/Blue/Yellow shared,这个紫苑镇最有名的塔也是宠物精灵的墓园...人们将死亡的精灵带到这幽灵塔来祈求冥福,Lavender Town's famous Pokémon Tower is a cemetery. People bring their departed Pokémon there to pray for them.,adapted_to_official_english,https://github.com/pret/pokered,2ab2421410b764e4dfebeddf8d9249d2cba947c4,Uses the matching official English Red/Blue/Yellow scene as its primary voice while retaining Chinese-only facts and Famicom-specific terminology.
MAIN:0x0358D2,D0193,Red/Blue/Yellow shared,"使用怪兽的人不同,结果就有好有坏!",Pokémon are not good or evil. It depends on their Trainer!,adapted_to_official_english,https://github.com/pret/pokered,2ab2421410b764e4dfebeddf8d9249d2cba947c4,Uses the matching official English Red/Blue/Yellow scene as its primary voice while retaining Chinese-only facts and Famicom-specific terminology.
MAIN:0x035DCC,D0227,Red/Blue/Yellow shared,"这生物被视为宠物,或使用于对战等等.而我是研究这宠物精灵的!",People keep Pokémon as pets or use them in fights. I study them.,adapted_to_official_english,https://github.com/pret/pokered,2ab2421410b764e4dfebeddf8d9249d2cba947c4,Uses the official English Gen I scene voice where it agrees with the Chinese; Chinese-only facts and bootleg-specific terminology are retained.
MAIN:0x035E82,D0228,Red/Blue/Yellow shared,"小智,一个将属于你的故事,梦想即将开始!",ASH! Your Pokémon story and dreams begin now!,adapted_to_official_english,https://github.com/pret/pokered,2ab2421410b764e4dfebeddf8d9249d2cba947c4,Uses the official English Gen I scene voice where it agrees with the Chinese; Chinese-only facts and bootleg-specific terminology are retained.
MAIN:0x0365FE,D0231,Red/Blue/Yellow shared,休息一下如何?,How about a rest?,adapted_to_official_english,https://github.com/pret/pokered,2ab2421410b764e4dfebeddf8d9249d2cba947c4,Uses the matching official English Red/Blue/Yellow scene as its primary voice while retaining Chinese-only facts and Famicom-specific terminology.
MAIN:0x037994,D0244,Red/Blue/Yellow shared,"小茂:怎么回事?真的结束了吗?尽了全力却还是输了!好不容易爬到这个地步...为什么我会输...我的培育方法不可能出错的...没办法,你是宠物联盟的新冠军...我真不太想承认",GARY: What? Is it really over? I gave it everything and still lost! I worked so hard to get here... Why did I lose? I couldn't have raised my Pokémon wrong... Fine. You're the new Pokémon League Champion. I hate to admit it.,adapted_to_official_english,https://github.com/pret/pokered,2ab2421410b764e4dfebeddf8d9249d2cba947c4,Uses the matching official English Red/Blue/Yellow scene as its primary voice while retaining Chinese-only facts and Famicom-specific terminology.
MAIN:0x038092,D0253,Pokémon Yellow,"喔...小智在那有个圆圆的球吧,那里有宠物精灵是要给你的!拿去吧!","OAK: That ball holds your Pokémon, Ash. Go ahead, it's yours!",adapted_to_official_english,https://github.com/pret/pokeyellow,e6ba56989b0f2694f393e6924820be11dcc1fbb8,Uses the matching official English Red/Blue/Yellow scene as its primary voice while retaining Chinese-only facts and Famicom-specific terminology.
MAIN:0x0380C5,D0255,Red/Blue/Yellow shared,欢迎!买东西吗?,Hi there! May I help you?,adapted_to_official_english,https://github.com/pret/pokered,2ab2421410b764e4dfebeddf8d9249d2cba947c4,Uses the matching official English Red/Blue/Yellow scene as its primary voice while retaining Chinese-only facts and Famicom-specific terminology.
MAIN:0x038445,D0274,Red/Blue/Yellow shared,"你好!欢迎你光临宠物精灵的世界!大家都叫我大木博士,在这世界住着被称为宠物精灵的生物!这生物被视为宠物,或使用于对战等等.而我是研究这宠物精灵的!小智,一个将属于你的故事,梦想即将开始!","PROF. OAK: Hello there! Welcome to the world of Pokémon! I'm Oak, the Pokémon Prof.! Pokémon live here as pets or fighters. I study them! Ash, your own Pokémon story and dreams begin now!",adapted_to_official_english,https://github.com/pret/pokered,2ab2421410b764e4dfebeddf8d9249d2cba947c4,Uses the matching official English Red/Blue/Yellow scene as its primary voice while retaining Chinese-only facts and Famicom-specific terminology.
MAIN:0x0384F8,D0275,Pokémon Yellow,"小茂:嗨!小智,你要找大木爷爷的话,他不在喔!我也是听他说要给宠物精灵才赶紧来的...","GARY: Yo, Ash! Gramps isn't around! I ran here 'cos he said he had a Pokémon for me.",adapted_to_official_english,https://github.com/pret/pokeyellow,e6ba56989b0f2694f393e6924820be11dcc1fbb8,Uses the matching official English Red/Blue/Yellow scene as its primary voice while retaining Chinese-only facts and Famicom-specific terminology.
MAIN:0x038519,D0276,Red/Blue/Yellow shared,大木:真是危险!野生精灵会从草丛中跳出来的!你如有宠物精灵是可与他对战...对了!跟我来一下吧!,"PROF. OAK: It's dangerous! Wild Pokémon jump out of the grass! If you had your own Pokémon, you could battle them... That's it! Come with me!",chinese_specific_retained,https://github.com/pret/pokered,2ab2421410b764e4dfebeddf8d9249d2cba947c4,Reviewed against the matching English Red/Blue/Yellow scene; the Chinese/Famicom wording is retained because the official line omits or contradicts a material source detail.
MAIN:0x0385D6,D0278,Pokémon Yellow,小茂:啊!...啊!偏心!爷爷我也要!,"GARY: Hey! That's not fair! Gramps, I want one too!",chinese_specific_retained,https://github.com/pret/pokeyellow,e6ba56989b0f2694f393e6924820be11dcc1fbb8,Reviewed against the matching English Red/Blue/Yellow scene; the Chinese/Famicom wording is retained because the official line omits or contradicts a material source detail.
MAIN:0x0385F3,D0279,Pokémon Yellow,大木:小茂你急什么!我等一下也会给你的,"OAK: Be patient, Gary. I'll give you one later.",adapted_to_official_english,https://github.com/pret/pokeyellow,e6ba56989b0f2694f393e6924820be11dcc1fbb8,Uses the matching official English Red/Blue/Yellow scene as its primary voice while retaining Chinese-only facts and Famicom-specific terminology.
MAIN:0x038620,D0280,Pokémon Yellow,小茂:哼!我一定能拿到比你好的!,GARY: Humph! I'll get a better Pokémon than you!,adapted_to_official_english,https://github.com/pret/pokeyellow,e6ba56989b0f2694f393e6924820be11dcc1fbb8,Uses the matching official English Red/Blue/Yellow scene as its primary voice while retaining Chinese-only facts and Famicom-specific terminology.
MAIN:0x03864F,D0281,Pokémon Yellow,"小茂:小智,这个可是我的!","GARY: Ash, this one is mine!",chinese_specific_retained,https://github.com/pret/pokeyellow,e6ba56989b0f2694f393e6924820be11dcc1fbb8,Reviewed against the matching English Red/Blue/Yellow scene; the Chinese/Famicom wording is retained because the official line omits or contradicts a material source detail.
MAIN:0x038670,D0282,Pokémon Yellow,大木:喂!什么!你在做什么!,OAK: Gary! What are you doing?,adapted_to_official_english,https://github.com/pret/pokeyellow,e6ba56989b0f2694f393e6924820be11dcc1fbb8,Uses the matching official English Red/Blue/Yellow scene as its primary voice while retaining Chinese-only facts and Famicom-specific terminology.
MAIN:0x03868A,D0283,Pokémon Yellow,小茂:爷爷!人家就是想要这个嘛!,"GARY: Gramps, I want this one!",adapted_to_official_english,https://github.com/pret/pokeyellow,e6ba56989b0f2694f393e6924820be11dcc1fbb8,Uses the matching official English Red/Blue/Yellow scene as its primary voice while retaining Chinese-only facts and Famicom-specific terminology.
MAIN:0x0386A2,D0284,Pokémon Yellow,"大木:真是拿你没办法,好吧!那个宠物精灵就给你吧!反正是早晚的是...小智,你来一下好吗?","OAK: All right! That Pokémon is yours. You'd get one anyway... Ash, come.",adapted_to_official_english,https://github.com/pret/pokeyellow,e6ba56989b0f2694f393e6924820be11dcc1fbb8,Uses the official English Gen I scene voice where it agrees with the Chinese; Chinese-only facts and bootleg-specific terminology are retained.
MAIN:0x038744,D0286,Pokémon Yellow,得到比卡丘,Got Pikachu!,chinese_specific_retained,https://github.com/pret/pokeyellow,e6ba56989b0f2694f393e6924820be11dcc1fbb8,Reviewed against the matching English Red/Blue/Yellow scene; the Chinese/Famicom wording is retained because the official line omits or contradicts a material source detail.
MAIN:0x038755,D0287,Pokémon Yellow,小茂:刚得到精灵就当我的对手练习练习吧!,"GARY: Wait, Ash! Let's test our new Pokémon! I'll take you on!",adapted_to_official_english,https://github.com/pret/pokeyellow,e6ba56989b0f2694f393e6924820be11dcc1fbb8,Uses the official English Gen I scene voice where it agrees with the Chinese; Chinese-only facts and bootleg-specific terminology are retained.
MAIN:0x0387F3,D0289,Red/Blue/Yellow shared,"店员:你是从真新镇来的吧?你知道大木博士吧.这是他要的东西,请转交给他!","You're from Pallet Town, right? You know Prof. Oak? Please deliver this order to him.",adapted_to_official_english,https://github.com/pret/pokered,2ab2421410b764e4dfebeddf8d9249d2cba947c4,Uses the official English Gen I scene voice where it agrees with the Chinese; Chinese-only facts and bootleg-specific terminology are retained.
MAIN:0x0388DE,D0294,Red/Blue/Yellow shared,大木:啊?有东西要交给我?,OAK: Oh? Something for me?,adapted_to_official_english,https://github.com/pret/pokered,2ab2421410b764e4dfebeddf8d9249d2cba947c4,Uses the matching official English Red/Blue/Yellow scene as its primary voice while retaining Chinese-only facts and Famicom-specific terminology.
MAIN:0x03897B,D0298,Red/Blue/Yellow shared,得到图鉴,Got Pokédex!,chinese_specific_retained,https://github.com/pret/pokered,2ab2421410b764e4dfebeddf8d9249d2cba947c4,Reviewed against the matching English Red/Blue/Yellow scene; the Chinese/Famicom wording is retained because the official line omits or contradicts a material source detail.
MAIN:0x038A46,D0301,Red/Blue/Yellow shared,"小茂姐姐:爷爷有任务交给你啊,真辛苦,这个给你用吧","GARY'S SIS: Grandpa asked you to run an errand? Here, this will help you!",adapted_to_official_english,https://github.com/pret/pokered,2ab2421410b764e4dfebeddf8d9249d2cba947c4,Uses the official English Gen I scene voice where it agrees with the Chinese; Chinese-only facts and bootleg-specific terminology are retained.
MAIN:0x038A8E,D0302,Red/Blue/Yellow shared,得到地图,Got Town Map!,chinese_specific_retained,https://github.com/pret/pokered,2ab2421410b764e4dfebeddf8d9249d2cba947c4,Reviewed against the matching English Red/Blue/Yellow scene; the Chinese/Famicom wording is retained because the official line omits or contradicts a material source detail.
MAIN:0x038B03,D0305,Red/Blue/Yellow shared,"小茂:小智!你要去宠物精灵联盟啊?算了吧!反正我看你也没有徽章,把关的人不会让你过去的!还有你的精灵到底有没有变强啊?","GARY: League, Ash? No Badges, no pass! Did your Pokémon get stronger?",adapted_to_official_english,https://github.com/pret/pokered,2ab2421410b764e4dfebeddf8d9249d2cba947c4,Uses the official English Gen I scene voice where it agrees with the Chinese; Chinese-only facts and bootleg-specific terminology are retained.
MAIN:0x038BBC,D0306,Red/Blue/Yellow shared,"小茂:在宠物精灵联盟里尽是非常强劲的训兽师,不能不想办法通过那里,你也不能尽是停留在这里,想办法往前进吧!",GARY: The League has tough Trainers! I must get past them. Quit dawdling and move on!,adapted_to_official_english,https://github.com/pret/pokered,2ab2421410b764e4dfebeddf8d9249d2cba947c4,Uses the matching official English Red/Blue/Yellow scene as its primary voice while retaining Chinese-only facts and Famicom-specific terminology.
MAIN:0x038D7A,D0316,Red/Blue/Yellow shared,男孩:你是精灵训练家吧?小刚正在找寻对手...来吧!,Trainer? Brock wants challengers! Follow me!,adapted_to_official_english,https://github.com/pret/pokered,2ab2421410b764e4dfebeddf8d9249d2cba947c4,Uses the official English Gen I scene voice where it agrees with the Chinese; Chinese-only facts and bootleg-specific terminology are retained.
MAIN:0x038D9F,D0317,Red/Blue/Yellow shared,男孩:你有战胜的自信的话就去挑战小刚吧!,"If you're confident, go challenge Brock!",adapted_to_official_english,https://github.com/pret/pokered,2ab2421410b764e4dfebeddf8d9249d2cba947c4,Uses the matching official English Red/Blue/Yellow scene as its primary voice while retaining Chinese-only facts and Famicom-specific terminology.
MAIN:0x038DBF,D0318,Pokémon Yellow,"裁判:你要不要朝宠物精灵冠军试试啊?我虽不是训练家但我可给你一些意见,你的比卡丘想赢这道场满难的!小刚所使用的地面系精灵是不受电气攻击的影响!",Let's get happening! Want to be Champion? Pikachu will struggle here. Electric attacks can't hurt Brock's Ground Pokémon!,adapted_to_official_english,https://github.com/pret/pokeyellow,e6ba56989b0f2694f393e6924820be11dcc1fbb8,Uses the matching official English Red/Blue/Yellow scene as its primary voice while retaining Chinese-only facts and Famicom-specific terminology.
MAIN:0x038EFE,D0322,Red/Blue/Yellow shared,"小刚:哈哈,真厉害呢我给你宠物精灵联盟公认的灰色徽章!",BROCK: I took you for granted. Here's the official Boulder Badge!,adapted_to_official_english,https://github.com/pret/pokered,2ab2421410b764e4dfebeddf8d9249d2cba947c4,Uses the matching official English Red/Blue/Yellow scene as its primary voice while retaining Chinese-only facts and Famicom-specific terminology.
MAIN:0x038F49,D0323,Red/Blue/Yellow shared,得到灰色徽章,Got the Boulder Badge!,chinese_specific_retained,https://github.com/pret/pokered,2ab2421410b764e4dfebeddf8d9249d2cba947c4,Reviewed against the matching English Red/Blue/Yellow scene; the Chinese/Famicom wording is retained because the official line omits or contradicts a material source detail.
MAIN:0x038F91,D0325,Red/Blue/Yellow shared,得到技能机器34!,Got TM35!,chinese_specific_retained,https://github.com/pret/pokered,2ab2421410b764e4dfebeddf8d9249d2cba947c4,Reviewed against the matching English Red/Blue/Yellow scene; the Chinese/Famicom wording is retained because the official line omits or contradicts a material source detail.
MAIN:0x03906E,D0328,Red/Blue/Yellow shared,裁判:真不愧是强手!就是这样一来朝宠物精灵联盟冠军前进!,Just as I thought! You're Pokémon Champ material!,adapted_to_official_english,https://github.com/pret/pokered,2ab2421410b764e4dfebeddf8d9249d2cba947c4,Uses the matching official English Red/Blue/Yellow scene as its primary voice while retaining Chinese-only facts and Famicom-specific terminology.
MAIN:0x0392A6,D0345,Red/Blue/Yellow shared,大爷:只告诉你一个好消息...!秘密的鲤鱼王只卖500元!你买不买?,Great deal! A secret Magikarp for just $500! What do you say?,adapted_to_official_english,https://github.com/pret/pokered,2ab2421410b764e4dfebeddf8d9249d2cba947c4,Uses the matching official English Red/Blue/Yellow scene as its primary voice while retaining Chinese-only facts and Famicom-specific terminology.
MAIN:0x0392E5,D0346,Red/Blue/Yellow shared,是吗?真是可惜,Oh? What a shame.,chinese_specific_retained,https://github.com/pret/pokered,2ab2421410b764e4dfebeddf8d9249d2cba947c4,Reviewed against the matching English Red/Blue/Yellow scene; the Chinese/Famicom wording is retained because the official line omits or contradicts a material source detail.
MAIN:0x0392F0,D0347,Red/Blue/Yellow shared,得到鲤鱼王,Got Magikarp!,chinese_specific_retained,https://github.com/pret/pokered,2ab2421410b764e4dfebeddf8d9249d2cba947c4,Reviewed against the matching English Red/Blue/Yellow scene; the Chinese/Famicom wording is retained because the official line omits or contradicts a material source detail.
MAIN:0x039540,D0364,Red/Blue/Yellow shared,"研究员:等一下!这化石是我发现的,两个都是我的!","Hey, stop! I found both fossils. They're mine!",adapted_to_official_english,https://github.com/pret/pokered,2ab2421410b764e4dfebeddf8d9249d2cba947c4,Uses the matching official English Red/Blue/Yellow scene as its primary voice while retaining Chinese-only facts and Famicom-specific terminology.
MAIN:0x0395AE,D0367,Red/Blue/Yellow shared,"研究员:好吧,就分你一个好了,我和你各拿一个化石,一个人独吞是不行的哟",We'll each take one! No being greedy!,adapted_to_official_english,https://github.com/pret/pokered,2ab2421410b764e4dfebeddf8d9249d2cba947c4,Uses the matching official English Red/Blue/Yellow scene as its primary voice while retaining Chinese-only facts and Famicom-specific terminology.
MAIN:0x039660,D0369,Pokémon Yellow,火箭队:等一下!化石是我们火箭队的东西!,Stop! That fossil belongs to Team Rocket!,adapted_to_official_english,https://github.com/pret/pokeyellow,e6ba56989b0f2694f393e6924820be11dcc1fbb8,Uses the matching official English Red/Blue/Yellow scene as its primary voice while retaining Chinese-only facts and Famicom-specific terminology.
MAIN:0x0396E6,D0372,Pokémon Yellow,小次郎:没想到会输...,JAMES: We never expected to lose...,chinese_specific_retained,https://github.com/pret/pokeyellow,e6ba56989b0f2694f393e6924820be11dcc1fbb8,Reviewed against the matching English Red/Blue/Yellow scene; the Chinese/Famicom wording is retained because the official line omits or contradicts a material source detail.
MAIN:0x0396FD,D0373,Pokémon Yellow,武藏:好讨厌的感觉哟...,JESSIE: What an awful feeling...,chinese_specific_retained,https://github.com/pret/pokeyellow,e6ba56989b0f2694f393e6924820be11dcc1fbb8,Reviewed against the matching English Red/Blue/Yellow scene; the Chinese/Famicom wording is retained because the official line omits or contradicts a material source detail.
MAIN:0x03971B,D0374,Pokémon Yellow,喵喵:喵...,MEOWTH: Meow...,chinese_specific_retained,https://github.com/pret/pokeyellow,e6ba56989b0f2694f393e6924820be11dcc1fbb8,Reviewed against the matching English Red/Blue/Yellow scene; the Chinese/Famicom wording is retained because the official line omits or contradicts a material source detail.
MAIN:0x039770,D0375,Red/Blue/Yellow shared,"警察:真是可怜!家里糟了小偷,我知道犯人是谁!是火箭队,警察也对他们很头疼呢!",This family was robbed by Team Rocket. Even our Police Force struggles with them!,adapted_to_official_english,https://github.com/pret/pokered,2ab2421410b764e4dfebeddf8d9249d2cba947c4,Uses the matching official English Red/Blue/Yellow scene as its primary voice while retaining Chinese-only facts and Famicom-specific terminology.
MAIN:0x0397E8,D0376,Red/Blue/Yellow shared,裁判:未来的冠军给你一些建议吧!这里的馆长阿霞是使用水系的精灵!如果用植物系的怪物来吸取水份或用电系来使之麻痹也行,Future Champ! Misty is a Water Pokémon pro. Use Grass to drain them or Electric moves to stun them!,adapted_to_official_english,https://github.com/pret/pokered,2ab2421410b764e4dfebeddf8d9249d2cba947c4,Uses the matching official English Red/Blue/Yellow scene as its primary voice while retaining Chinese-only facts and Famicom-specific terminology.
MAIN:0x039875,D0378,Red/Blue/Yellow shared,游泳男:阿霞会成为一位很强的训练家!才不会输给你呢!,Misty will keep improving! She won't lose to someone like you!,adapted_to_official_english,https://github.com/pret/pokered,2ab2421410b764e4dfebeddf8d9249d2cba947c4,Uses the matching official English Red/Blue/Yellow scene as its primary voice while retaining Chinese-only facts and Famicom-specific terminology.
MAIN:0x03989A,D0379,Red/Blue/Yellow shared,游泳女:对付你我就够了!用不着阿霞亲自动手!,I'm more than good enough for you! Misty can wait!,adapted_to_official_english,https://github.com/pret/pokered,2ab2421410b764e4dfebeddf8d9249d2cba947c4,Uses the matching official English Red/Blue/Yellow scene as its primary voice while retaining Chinese-only facts and Famicom-specific terminology.
MAIN:0x039A24,D0384,Red/Blue/Yellow shared,"小茂:嗨嗨,我到马沙家他给我看了许多珍贵的宠物精灵耶!托他的福,我的精灵图鉴又增加了好几页呢,总之马沙是一位有名的宠物精灵收集家!电脑通信的精灵保管系统也是他做的,如果你也有使用真应该去向他道谢呢","GARY: Bill showed me rare Pokémon and added several pages to my Pokédex. He's a famous collector who built PC Storage. If you use it, thank him!",adapted_to_official_english,https://github.com/pret/pokered,2ab2421410b764e4dfebeddf8d9249d2cba947c4,Uses the official English Gen I scene voice where it agrees with the Chinese; Chinese-only facts and bootleg-specific terminology are retained.
MAIN:0x039AC6,D0385,Red/Blue/Yellow shared,"捉虫少年:如果你能连续打败五人,将可得到丰富的奖品你能胜利吗?",Nugget Bridge! Beat five Trainers for a fabulous prize! Got what it takes?,adapted_to_official_english,https://github.com/pret/pokered,2ab2421410b764e4dfebeddf8d9249d2cba947c4,Uses the matching official English Red/Blue/Yellow scene as its primary voice while retaining Chinese-only facts and Famicom-specific terminology.
MAIN:0x039B19,D0387,Red/Blue/Yellow shared,迷你裙:第二人正是我!现在才是真正的战斗!,I'm second! Now it's serious!,adapted_to_official_english,https://github.com/pret/pokered,2ab2421410b764e4dfebeddf8d9249d2cba947c4,Uses the matching official English Red/Blue/Yellow scene as its primary voice while retaining Chinese-only facts and Famicom-specific terminology.
MAIN:0x039B59,D0390,Red/Blue/Yellow shared,侦察员:我就是最后的第五人了!来吧!!,I'm fifth and last! Come on!,adapted_to_official_english,https://github.com/pret/pokered,2ab2421410b764e4dfebeddf8d9249d2cba947c4,Uses the matching official English Red/Blue/Yellow scene as its primary voice while retaining Chinese-only facts and Famicom-specific terminology.
MAIN:0x039B6A,D0391,Red/Blue/Yellow shared,"火箭队:太精彩了,按照约定这个礼物给你吧",Congratulations! Here's your promised prize!,adapted_to_official_english,https://github.com/pret/pokered,2ab2421410b764e4dfebeddf8d9249d2cba947c4,Uses the matching official English Red/Blue/Yellow scene as its primary voice while retaining Chinese-only facts and Famicom-specific terminology.
MAIN:0x039B86,D0392,Red/Blue/Yellow shared,得到月之石,Got a Moon Stone!,chinese_specific_retained,https://github.com/pret/pokered,2ab2421410b764e4dfebeddf8d9249d2cba947c4,Reviewed against the matching English Red/Blue/Yellow scene; the Chinese/Famicom wording is retained because the official line omits or contradicts a material source detail.
MAIN:0x039C17,D0397,Pokémon Yellow,"男孩:我不会培育宠物精灵,觉的它怪可怜的正想放生这只小火龙...如果你能好好照顾他的话,我就把它送给你如何?","I'm bad at raising Pokémon. I should release poor Charmander. Promise to care for it, and it's yours.",adapted_to_official_english,https://github.com/pret/pokeyellow,e6ba56989b0f2694f393e6924820be11dcc1fbb8,Uses the matching official English Red/Blue/Yellow scene as its primary voice while retaining Chinese-only facts and Famicom-specific terminology.
MAIN:0x039C62,D0398,Pokémon Yellow,是吗?那我只好放生了...,Oh... I'd better release it then.,adapted_to_official_english,https://github.com/pret/pokeyellow,e6ba56989b0f2694f393e6924820be11dcc1fbb8,Uses the matching official English Red/Blue/Yellow scene as its primary voice while retaining Chinese-only facts and Famicom-specific terminology.
MAIN:0x039D74,D0408,Pokémon Yellow,得到小火龙,Got Charmander!,chinese_specific_retained,https://github.com/pret/pokeyellow,e6ba56989b0f2694f393e6924820be11dcc1fbb8,Reviewed against the matching English Red/Blue/Yellow scene; the Chinese/Famicom wording is retained because the official line omits or contradicts a material source detail.
MAIN:0x039E91,D0419,Red/Blue/Yellow shared,"马沙:大家好,我是马沙!大家都叫我精灵迷!你那是什么眼神?不相信的样子...我是实验失败才和精灵粘在一起的你能救我吗?我要进入传送机里,分离程序就拜托你了!对,就是那部电脑!","BILL: Hiya! I'm Bill, a true Pokémaniac! A failed experiment fused me with a Pokémon. Help me out! When I'm in the Teleporter, run the Cell Separation System on my PC!",adapted_to_official_english,https://github.com/pret/pokered,2ab2421410b764e4dfebeddf8d9249d2cba947c4,Uses the matching official English Red/Blue/Yellow scene as its primary voice while retaining Chinese-only facts and Famicom-specific terminology.
MAIN:0x039F3F,D0421,Red/Blue/Yellow shared,"马沙:谢谢你,你是来看我的收集品的是吗?对了这是给你的谢礼",BILL: Thanks! Did you come to see my collection? Take this reward!,adapted_to_official_english,https://github.com/pret/pokered,2ab2421410b764e4dfebeddf8d9249d2cba947c4,Uses the official English Gen I scene voice where it agrees with the Chinese; Chinese-only facts and bootleg-specific terminology are retained.
MAIN:0x039F7C,D0422,Red/Blue/Yellow shared,得到船票,Received an S.S. Ticket!,adapted_to_official_english,https://github.com/pret/pokered,2ab2421410b764e4dfebeddf8d9249d2cba947c4,Uses the matching official English Red/Blue/Yellow scene as its primary voice while retaining Chinese-only facts and Famicom-specific terminology.
MAIN:0x039F8C,D0423,Red/Blue/Yellow shared,"马沙:现在枯叶市枯叶港来了一搜铁达尼号听说也来了许多训练家呢,我有一张船票但我不喜欢派对,你去玩玩吧","BILL: The Titanic has docked at Vermilion Harbor, and many Trainers are aboard. I have a ticket, but I don't like parties. Why don't you go?",adapted_to_official_english,https://github.com/pret/pokered,2ab2421410b764e4dfebeddf8d9249d2cba947c4,Uses the matching official English Red/Blue/Yellow scene as its primary voice while retaining Chinese-only facts and Famicom-specific terminology.
MAIN:0x03A1C4,D0441,Red/Blue/Yellow shared,"船员:欢迎来到铁达尼号!请等一等,客人你的票呢?","Welcome to the Titanic! Excuse me, do you have a ticket?",adapted_to_official_english,https://github.com/pret/pokered,2ab2421410b764e4dfebeddf8d9249d2cba947c4,Uses the matching official English Red/Blue/Yellow scene as its primary voice while retaining Chinese-only facts and Famicom-specific terminology.
MAIN:0x03A1E6,D0442,Red/Blue/Yellow shared,"船员:谢谢,欢迎你上船!",Great! Welcome aboard!,adapted_to_official_english,https://github.com/pret/pokered,2ab2421410b764e4dfebeddf8d9249d2cba947c4,Uses the matching official English Red/Blue/Yellow scene as its primary voice while retaining Chinese-only facts and Famicom-specific terminology.
MAIN:0x03A4B8,D0468,Red/Blue/Yellow shared,"小茂:听说居合斩的名人也在船上,看了一下竟然是会晕船的老头!你也去看看吧,再会了!",GARY: The Cut master aboard is just a seasick old man! Go see him. Smell ya!,adapted_to_official_english,https://github.com/pret/pokered,2ab2421410b764e4dfebeddf8d9249d2cba947c4,Uses the matching official English Red/Blue/Yellow scene as its primary voice while retaining Chinese-only facts and Famicom-specific terminology.
MAIN:0x03A525,D0471,Red/Blue/Yellow shared,船员:船已经出发了,The ship has left.,chinese_specific_retained,https://github.com/pret/pokered,2ab2421410b764e4dfebeddf8d9249d2cba947c4,Reviewed against the matching English Red/Blue/Yellow scene; the Chinese/Famicom wording is retained because the official line omits or contradicts a material source detail.
MAIN:0x03A538,D0472,Red/Blue/Yellow shared,水手:就算你的精灵有多强都不可能是你这种小孩该来的!,"This is no place for a kid, no matter how strong your Pokémon are!",adapted_to_official_english,https://github.com/pret/pokered,2ab2421410b764e4dfebeddf8d9249d2cba947c4,Uses the matching official English Red/Blue/Yellow scene as its primary voice while retaining Chinese-only facts and Famicom-specific terminology.
MAIN:0x03A555,D0473,Pokémon Yellow,女警君莎:抓到最近老是恶作剧的杰尼龟,JENNY: I caught a Squirtle that kept causing mischief.,adapted_to_official_english,https://github.com/pret/pokeyellow,e6ba56989b0f2694f393e6924820be11dcc1fbb8,Uses the matching official English Red/Blue/Yellow scene as its primary voice while retaining Chinese-only facts and Famicom-specific terminology.
MAIN:0x03A57C,D0474,Red/Blue/Yellow shared,裁判:为来的冠军!马其斯少佐的外号叫闪电美国!使用电系精灵可称的上美国第一!飞行类和水类是不适用的...,"Future Champ! Lt. Surge, the Lightning American, is America's best with Electric Pokémon. Avoid Flying and Water types!",chinese_specific_retained,https://github.com/pret/pokered,2ab2421410b764e4dfebeddf8d9249d2cba947c4,Reviewed against the matching English Red/Blue/Yellow scene; the Chinese/Famicom wording is retained because the official line omits or contradicts a material source detail.
MAIN:0x03A60F,D0476,Red/Blue/Yellow shared,得到依布,Got Eevee!,chinese_specific_retained,https://github.com/pret/pokered,2ab2421410b764e4dfebeddf8d9249d2cba947c4,Reviewed against the matching English Red/Blue/Yellow scene; the Chinese/Famicom wording is retained because the official line omits or contradicts a material source detail.
MAIN:0x03A62F,D0478,Red/Blue/Yellow shared,得到特技01居合斩,Got HM01: CUT!,chinese_specific_retained,https://github.com/pret/pokered,2ab2421410b764e4dfebeddf8d9249d2cba947c4,Reviewed against the matching English Red/Blue/Yellow scene; the Chinese/Famicom wording is retained because the official line omits or contradicts a material source detail.
MAIN:0x03A745,D0482,Red/Blue/Yellow shared,得到技能24,Got TM24!,chinese_specific_retained,https://github.com/pret/pokered,2ab2421410b764e4dfebeddf8d9249d2cba947c4,Reviewed against the matching English Red/Blue/Yellow scene; the Chinese/Famicom wording is retained because the official line omits or contradicts a material source detail.
MAIN:0x03A88A,D0488,Pokémon Yellow,是吗?谁能领养这只杰尼龟呢...,Oh... Who will adopt Squirtle?,chinese_specific_retained,https://github.com/pret/pokeyellow,e6ba56989b0f2694f393e6924820be11dcc1fbb8,Reviewed against the matching English Red/Blue/Yellow scene; the Chinese/Famicom wording is retained because the official line omits or contradicts a material source detail.
MAIN:0x03A8A5,D0489,Pokémon Yellow,"拜托了,要好好照顾它哦!",JENNY: Please treat Squirtle right!,adapted_to_official_english,https://github.com/pret/pokeyellow,e6ba56989b0f2694f393e6924820be11dcc1fbb8,Uses the matching official English Red/Blue/Yellow scene as its primary voice while retaining Chinese-only facts and Famicom-specific terminology.
MAIN:0x03A9D1,D0502,Red/Blue/Yellow shared,"小茂:听说居合斩的名人也在船上,看了一下竟然是会晕船的老头!你也去看看吧,再会了!",GARY: The Cut master aboard is just a seasick old man! Go see him. Smell ya!,adapted_to_official_english,https://github.com/pret/pokered,2ab2421410b764e4dfebeddf8d9249d2cba947c4,Uses the matching official English Red/Blue/Yellow scene as its primary voice while retaining Chinese-only facts and Famicom-specific terminology.
MAIN:0x03AB27,D0515,Red/Blue/Yellow shared,"爷爷:听说这个是地鼠挖的山洞,好像能通到常青市的样子","They say Diglett dug this tunnel, maybe all the way to Viridian.",chinese_specific_retained,https://github.com/pret/pokered,2ab2421410b764e4dfebeddf8d9249d2cba947c4,Reviewed against the matching English Red/Blue/Yellow scene; the Chinese/Famicom wording is retained because the official line omits or contradicts a material source detail.
MAIN:0x03ABA2,D0517,Red/Blue/Yellow shared,得到特技05,Got HM05!,chinese_specific_retained,https://github.com/pret/pokered,2ab2421410b764e4dfebeddf8d9249d2cba947c4,Reviewed against the matching English Red/Blue/Yellow scene; the Chinese/Famicom wording is retained because the official line omits or contradicts a material source detail.
MAIN:0x03B188,D0563,Pokémon Yellow,"我终于明白了好好照顾宠物精灵,妙蛙种子很有精神,其实精灵也在找训练师,你能不能帮我照顾这只妙蛙种子呢?",I learned to care for Pokémon. Bulbasaur is thriving and seeks a Trainer. Will you care for it?,adapted_to_official_english,https://github.com/pret/pokeyellow,e6ba56989b0f2694f393e6924820be11dcc1fbb8,Uses the matching official English Red/Blue/Yellow scene as its primary voice while retaining Chinese-only facts and Famicom-specific terminology.
MAIN:0x03B1FF,D0565,Pokémon Yellow,那拜托你了!,Please take good care of Bulbasaur!,adapted_to_official_english,https://github.com/pret/pokeyellow,e6ba56989b0f2694f393e6924820be11dcc1fbb8,Uses the matching official English Red/Blue/Yellow scene as its primary voice while retaining Chinese-only facts and Famicom-specific terminology.
MAIN:0x03B20E,D0566,Pokémon Yellow,得到妙蛙种子,Got Bulbasaur!,chinese_specific_retained,https://github.com/pret/pokeyellow,e6ba56989b0f2694f393e6924820be11dcc1fbb8,Reviewed against the matching English Red/Blue/Yellow scene; the Chinese/Famicom wording is retained because the official line omits or contradicts a material source detail.
MAIN:0x03B44A,D0588,Pokémon Yellow,女孩:对已死去的皮皮一直无法忘怀...糟糕又哭了...,"I can't forget my dead Clefairy... Oh no, I'm crying again...",adapted_to_official_english,https://github.com/pret/pokeyellow,e6ba56989b0f2694f393e6924820be11dcc1fbb8,Uses the official English Gen I scene voice where it agrees with the Chinese; Chinese-only facts and bootleg-specific terminology are retained.
MAIN:0x03B4B9,D0590,Red/Blue/Yellow shared,"小茂:小智?你怎么也到这里来了,你的精灵死了吗?混蛋不是还活着吗!!小心我把你打的不能站起来!",GARY: Ash? Why are you here? Your Pokémon aren't dead! I can at least knock them flat! Let's go!,adapted_to_official_english,https://github.com/pret/pokered,2ab2421410b764e4dfebeddf8d9249d2cba947c4,Uses the official English Gen I scene voice where it agrees with the Chinese; Chinese-only facts and bootleg-specific terminology are retained.
MAIN:0x03B592,D0592,Red/Blue/Yellow shared,修女:我们也不知道幽灵的真正身份...如果有幽灵眼镜的话说不定就能知道了...,Ghosts' true forms elude us. A Silph Scope may reveal them...,chinese_specific_retained,https://github.com/pret/pokered,2ab2421410b764e4dfebeddf8d9249d2cba947c4,Reviewed against the matching English Red/Blue/Yellow scene; the Chinese/Famicom wording is retained because the official line omits or contradicts a material source detail.
MAIN:0x03B7C8,D0612,Pokémon Yellow,"裁判:哈哈哈,这个道馆好啊,都是女生!",Heheh! This Gym is great! It's full of women!,adapted_to_official_english,https://github.com/pret/pokeyellow,e6ba56989b0f2694f393e6924820be11dcc1fbb8,Uses the matching official English Red/Blue/Yellow scene as its primary voice while retaining Chinese-only facts and Famicom-specific terminology.
MAIN:0x03B7E8,D0613,Pokémon Yellow,水手:你一定会被佳丽亚打败的!,Erika will beat you!,chinese_specific_retained,https://github.com/pret/pokeyellow,e6ba56989b0f2694f393e6924820be11dcc1fbb8,Reviewed against the matching English Red/Blue/Yellow scene; the Chinese/Famicom wording is retained because the official line omits or contradicts a material source detail.
MAIN:0x03B7F5,D0614,Pokémon Yellow,"女孩:可拉可拉的妈妈就是在逃出来的时候被火箭队杀了,我也看到了!",I saw Team Rocket kill Cubone's mother as she fled!,chinese_specific_retained,https://github.com/pret/pokeyellow,e6ba56989b0f2694f393e6924820be11dcc1fbb8,Reviewed against the matching English Red/Blue/Yellow scene; the Chinese/Famicom wording is retained because the official line omits or contradicts a material source detail.
MAIN:0x03B835,D0615,Pokémon Yellow,女生:喂!这里是只有女孩才能进入的!,Hey! Only girls are allowed in here!,adapted_to_official_english,https://github.com/pret/pokeyellow,e6ba56989b0f2694f393e6924820be11dcc1fbb8,Uses the matching official English Red/Blue/Yellow scene as its primary voice while retaining Chinese-only facts and Famicom-specific terminology.
MAIN:0x03B8F9,D0622,Pokémon Yellow,"迷你裙:喂,虫系和火系的精灵别带到这里来!",Don't bring Bug- or Fire-type Pokémon here!,chinese_specific_retained,https://github.com/pret/pokeyellow,e6ba56989b0f2694f393e6924820be11dcc1fbb8,Reviewed against the matching English Red/Blue/Yellow scene; the Chinese/Famicom wording is retained because the official line omits or contradicts a material source detail.
MAIN:0x03B9F1,D0629,Red/Blue/Yellow shared,"佳丽亚:真是强啊!这个彩虹徽章就奉送给您吧,有了这个徽章就能使用怪力术了!",ERIKA: You're very strong! Please take the Rainbow Badge. It lets you use Strength!,adapted_to_official_english,https://github.com/pret/pokered,2ab2421410b764e4dfebeddf8d9249d2cba947c4,Uses the official English Gen I scene voice where it agrees with the Chinese; Chinese-only facts and bootleg-specific terminology are retained.
MAIN:0x03BAF9,D0633,Red/Blue/Yellow shared,啊?在海报的后面有秘密按钮!按按看吧!,Hey! A switch behind the poster!? Let's push it!,adapted_to_official_english,https://github.com/pret/pokered,2ab2421410b764e4dfebeddf8d9249d2cba947c4,Uses the matching official English Red/Blue/Yellow scene as its primary voice while retaining Chinese-only facts and Famicom-specific terminology.
MAIN:0x03BB1B,D0634,Pokémon Yellow,火箭队:你是什么人?如何进到这里来的?,Who are you? How'd you get in?,chinese_specific_retained,https://github.com/pret/pokeyellow,e6ba56989b0f2694f393e6924820be11dcc1fbb8,Reviewed against the matching English Red/Blue/Yellow scene; the Chinese/Famicom wording is retained because the official line omits or contradicts a material source detail.
MAIN:0x03BB57,D0636,Red/Blue/Yellow shared,火箭队:悄悄潜入火箭队的是什么家伙?,Who are you? How did you get here?,adapted_to_official_english,https://github.com/pret/pokered,2ab2421410b764e4dfebeddf8d9249d2cba947c4,Uses the matching official English Red/Blue/Yellow scene as its primary voice while retaining Chinese-only facts and Famicom-specific terminology.
MAIN:0x03BB86,D0638,Pokémon Yellow,火箭队:老大说过使用精灵眼镜可看到平时看不到的幽灵...,Boss says Silph Scope reveals unseen ghosts...,chinese_specific_retained,https://github.com/pret/pokeyellow,e6ba56989b0f2694f393e6924820be11dcc1fbb8,Reviewed against the matching English Red/Blue/Yellow scene; the Chinese/Famicom wording is retained because the official line omits or contradicts a material source detail.
MAIN:0x03BBFA,D0642,Red/Blue/Yellow shared,火箭队:发现侵入者!,Intruder alert!,adapted_to_official_english,https://github.com/pret/pokered,2ab2421410b764e4dfebeddf8d9249d2cba947c4,Uses the official English Gen I scene voice where it agrees with the Chinese; Chinese-only facts and bootleg-specific terminology are retained.
MAIN:0x03BC0A,D0643,Red/Blue/Yellow shared,火箭队:在找精灵眼镜吗?我不知道,Silph Scope? I don't know where it is!,adapted_to_official_english,https://github.com/pret/pokered,2ab2421410b764e4dfebeddf8d9249d2cba947c4,Uses the matching official English Red/Blue/Yellow scene as its primary voice while retaining Chinese-only facts and Famicom-specific terminology.
MAIN:0x03BE50,D0660,Red/Blue/Yellow shared,得到特技02飞天,Got HM02: FLY!,chinese_specific_retained,https://github.com/pret/pokered,2ab2421410b764e4dfebeddf8d9249d2cba947c4,Reviewed against the matching English Red/Blue/Yellow scene; the Chinese/Famicom wording is retained because the official line omits or contradicts a material source detail.
MAIN:0x03BE5E,D0661,Pokémon Yellow,火箭队:好大的胆子还敢到这里来捣乱!!,JAMES: How dare you come here and cause trouble again!,adapted_to_official_english,https://github.com/pret/pokeyellow,e6ba56989b0f2694f393e6924820be11dcc1fbb8,Uses the matching official English Red/Blue/Yellow scene as its primary voice while retaining Chinese-only facts and Famicom-specific terminology.
MAIN:0x03BFD6,D0664,Red/Blue/Yellow shared,得到精灵眼镜,Got Silph Scope!,chinese_specific_retained,https://github.com/pret/pokered,2ab2421410b764e4dfebeddf8d9249d2cba947c4,Reviewed against the matching English Red/Blue/Yellow scene; the Chinese/Famicom wording is retained because the official line omits or contradicts a material source detail.
MAIN:0x03C114,D0677,Pokémon Yellow,"火箭队:可恶,这样下去的话火箭队的基地会被发现的!要赶快和老大联络才行!",Darn! Our base may be found! I must alert Boss!,chinese_specific_retained,https://github.com/pret/pokeyellow,e6ba56989b0f2694f393e6924820be11dcc1fbb8,Reviewed against the matching English Red/Blue/Yellow scene; the Chinese/Famicom wording is retained because the official line omits or contradicts a material source detail.
MAIN:0x03C28D,D0688,Pokémon Yellow,火箭队:这个吉野老头真难缠!不打败我们是救不了吉野老头的!,JESSIE: Pesky Mr. Fuji! Beat us to save him!,adapted_to_official_english,https://github.com/pret/pokeyellow,e6ba56989b0f2694f393e6924820be11dcc1fbb8,Uses the matching official English Red/Blue/Yellow scene as its primary voice while retaining Chinese-only facts and Famicom-specific terminology.
MAIN:0x03C370,D0690,Red/Blue/Yellow shared,"吉野:你是来救我的吗?谢谢你...我是来告诫可拉可拉的母亲嘎拉嘎拉之灵而来的,看样子嘎拉嘎拉到天国去了!真要感谢你们特地来这!那现在跟我一起回家","MR. FUJI: Did you come to rescue me? Thank you... I came to calm the spirit of Marowak, Cubone's mother. It seems she has gone to heaven. Thank you for coming all this way. Now, come home with me.",adapted_to_official_english,https://github.com/pret/pokered,2ab2421410b764e4dfebeddf8d9249d2cba947c4,Uses the official English Gen I scene voice where it agrees with the Chinese; Chinese-only facts and bootleg-specific terminology are retained.
MAIN:0x03C464,D0692,Red/Blue/Yellow shared,"吉野:吹起宠物精灵笛就算是熟睡的精灵也会跳起,遇到睡着的精灵使用看看吧!",MR. FUJI: The Poké Flute wakes even sleeping Pokémon. Use it when you meet one!,adapted_to_official_english,https://github.com/pret/pokered,2ab2421410b764e4dfebeddf8d9249d2cba947c4,Uses the matching official English Red/Blue/Yellow scene as its primary voice while retaining Chinese-only facts and Famicom-specific terminology.
MAIN:0x03C493,D0693,Red/Blue/Yellow shared,守卫:好渴啊...想喝水...什么?这个矿泉水真的要送给我??好吧为了答谢你就特别的放你过去吧...,I'm parched! Fresh Water for me? Thanks! I'll let you pass.,adapted_to_official_english,https://github.com/pret/pokered,2ab2421410b764e4dfebeddf8d9249d2cba947c4,Uses the matching official English Red/Blue/Yellow scene as its primary voice while retaining Chinese-only facts and Famicom-specific terminology.
MAIN:0x03C722,D0714,Pokémon Yellow,火箭队:新力已经是我们的了,Silph is ours!,chinese_specific_retained,https://github.com/pret/pokeyellow,e6ba56989b0f2694f393e6924820be11dcc1fbb8,Reviewed against the matching English Red/Blue/Yellow scene; the Chinese/Famicom wording is retained because the official line omits or contradicts a material source detail.
MAIN:0x03C765,D0716,Red/Blue/Yellow shared,小茂:等你很久了小智!!我就知道在这等你会出现的!好像被火箭队为难了!反正与我无关!!让我看看你底有没有变强!,"GARY: Hahaha! I knew you'd come, Ash! Team Rocket gave you trouble? I don't care! Show me how much stronger you've gotten!",adapted_to_official_english,https://github.com/pret/pokered,2ab2421410b764e4dfebeddf8d9249d2cba947c4,Uses the matching official English Red/Blue/Yellow scene as its primary voice while retaining Chinese-only facts and Famicom-specific terminology.
MAIN:0x03C7DF,D0717,Red/Blue/Yellow shared,小茂:开玩笑...那小智我先走了...我还要去精灵联盟挑战最强的四天王啊!!小智你也要加油喔!再见了!!,"GARY: Just kidding... I'm off to face the Elite Four! Keep it up, Ash! Smell ya!",adapted_to_official_english,https://github.com/pret/pokered,2ab2421410b764e4dfebeddf8d9249d2cba947c4,Uses the matching official English Red/Blue/Yellow scene as its primary voice while retaining Chinese-only facts and Famicom-specific terminology.
MAIN:0x03C8E5,D0724,Pokémon Yellow,火箭队:等等!老大在谈重要的事不能让你去打扰!,JAMES: Wait! Boss is discussing business. Don't disturb him!,adapted_to_official_english,https://github.com/pret/pokeyellow,e6ba56989b0f2694f393e6924820be11dcc1fbb8,Uses the matching official English Red/Blue/Yellow scene as its primary voice while retaining Chinese-only facts and Famicom-specific terminology.
MAIN:0x03C992,D0726,Red/Blue/Yellow shared,老大:哦?小智啊?又见面了...我现在在和新力的社员谈工作的事情.大人的世界小孩千万别插嘴!不然会很难看的!,"GIOVANNI: Ah, Ash! Again! I'm talking business with Silph staff. Stay out of grown-up matters, or face pain!",adapted_to_official_english,https://github.com/pret/pokered,2ab2421410b764e4dfebeddf8d9249d2cba947c4,Uses the matching official English Red/Blue/Yellow scene as its primary voice while retaining Chinese-only facts and Famicom-specific terminology.
MAIN:0x03CA26,D0727,Red/Blue/Yellow shared,老大:混蛋!没办法只好暂时放弃新力!我们火箭队是不灭的!所有的怪兽是为我们火箭队而存在的!小智你千万不要忘了!我先走了!!,"GIOVANNI: Blast it! I quit Silph for now. Team Rocket won't fall! All Pokémon exist for us! Remember, Ash! I'm off!",adapted_to_official_english,https://github.com/pret/pokered,2ab2421410b764e4dfebeddf8d9249d2cba947c4,Uses the official English Gen I scene voice where it agrees with the Chinese; Chinese-only facts and bootleg-specific terminology are retained.
MAIN:0x03CAB3,D0728,Red/Blue/Yellow shared,秘书:呀真是谢谢你的相救!我和社长充满感激啊!,The President and I are so grateful you saved us!,chinese_specific_retained,https://github.com/pret/pokered,2ab2421410b764e4dfebeddf8d9249d2cba947c4,Reviewed against the matching English Red/Blue/Yellow scene; the Chinese/Famicom wording is retained because the official line omits or contradicts a material source detail.
MAIN:0x03CAE7,D0729,Red/Blue/Yellow shared,使用精灵笛唤醒睡着的卡比兽,The Poké Flute woke sleeping Snorlax!,chinese_specific_retained,https://github.com/pret/pokered,2ab2421410b764e4dfebeddf8d9249d2cba947c4,Reviewed against the matching English Red/Blue/Yellow scene; the Chinese/Famicom wording is retained because the official line omits or contradicts a material source detail.
MAIN:0x03CB91,D0738,Pokémon Yellow,"钓鱼者:我有好动西,要看吗",I caught a good one. Want to see?,chinese_specific_retained,https://github.com/pret/pokeyellow,e6ba56989b0f2694f393e6924820be11dcc1fbb8,Reviewed against the matching English Red/Blue/Yellow scene; the Chinese/Famicom wording is retained because the official line omits or contradicts a material source detail.
MAIN:0x03CE78,D0770,Pokémon Yellow,大姐姐:好可爱的样子哦,So cute!,chinese_specific_retained,https://github.com/pret/pokeyellow,e6ba56989b0f2694f393e6924820be11dcc1fbb8,Reviewed against the matching English Red/Blue/Yellow scene; the Chinese/Famicom wording is retained because the official line omits or contradicts a material source detail.
MAIN:0x03D292,D0795,Red/Blue/Yellow shared,裁判:浅红道馆是栋有机关的房子.用眼睛是看不到墙的,Fuchsia Gym has invisible walls! Watch for gaps!,adapted_to_official_english,https://github.com/pret/pokered,2ab2421410b764e4dfebeddf8d9249d2cba947c4,Uses the matching official English Red/Blue/Yellow scene as its primary voice while retaining Chinese-only facts and Famicom-specific terminology.
MAIN:0x03D49D,D0810,Red/Blue/Yellow shared,"服务员:欢迎来到狩猎场!在这广大的狩猎广场有很多特有的宠物精灵,一次500元!要进去吗?",Welcome to the Safari Zone! Catch its unique Pokémon for $500. Join the hunt?,adapted_to_official_english,https://github.com/pret/pokered,2ab2421410b764e4dfebeddf8d9249d2cba947c4,Uses the matching official English Red/Blue/Yellow scene as its primary voice while retaining Chinese-only facts and Famicom-specific terminology.
MAIN:0x03D4FB,D0812,Red/Blue/Yellow shared,那么请进收您500元!祝您好运!!,That'll be $500. Good luck!,adapted_to_official_english,https://github.com/pret/pokered,2ab2421410b764e4dfebeddf8d9249d2cba947c4,Uses the official English Gen I scene voice where it agrees with the Chinese; Chinese-only facts and bootleg-specific terminology are retained.
MAIN:0x03D50C,D0813,Red/Blue/Yellow shared,"男孩:这里是最深处平时都没有人会来,我就送件礼物给你吧!",You reached the deepest area! You win a prize!,adapted_to_official_english,https://github.com/pret/pokered,2ab2421410b764e4dfebeddf8d9249d2cba947c4,Uses the matching official English Red/Blue/Yellow scene as its primary voice while retaining Chinese-only facts and Famicom-specific terminology.
MAIN:0x03D543,D0815,Red/Blue/Yellow shared,"男孩:特技03是冲浪术,你可以坐在宠物精灵身上通过水面!而且这个技能机器是用后也不会消失的!能拿到这么好的奖品你还真是幸运!",HM03 is Surf! Ride Pokémon across water. This HM is reusable. Lucky you!,adapted_to_official_english,https://github.com/pret/pokered,2ab2421410b764e4dfebeddf8d9249d2cba947c4,Uses the matching official English Red/Blue/Yellow scene as its primary voice while retaining Chinese-only facts and Famicom-specific terminology.
MAIN:0x03D624,D0820,Red/Blue/Yellow shared,"园长:秘传04是怪力术,能推开挡路的大石头!!",HM04 is Strength! It moves boulders blocking the way!,adapted_to_official_english,https://github.com/pret/pokered,2ab2421410b764e4dfebeddf8d9249d2cba947c4,Uses the matching official English Red/Blue/Yellow scene as its primary voice while retaining Chinese-only facts and Famicom-specific terminology.
MAIN:0x03D81D,D0842,Red/Blue/Yellow shared,空手道:这里是全国格斗家所聚集的道馆啊!,This dojo draws fighters nationwide!,chinese_specific_retained,https://github.com/pret/pokered,2ab2421410b764e4dfebeddf8d9249d2cba947c4,Reviewed against the matching English Red/Blue/Yellow scene; the Chinese/Famicom wording is retained because the official line omits or contradicts a material source detail.
MAIN:0x03D83E,D0844,Red/Blue/Yellow shared,得到大师球,Got Master Ball!,chinese_specific_retained,https://github.com/pret/pokered,2ab2421410b764e4dfebeddf8d9249d2cba947c4,Reviewed against the matching English Red/Blue/Yellow scene; the Chinese/Famicom wording is retained because the official line omits or contradicts a material source detail.
MAIN:0x03D89F,D0846,Red/Blue/Yellow shared,空手道:格斗家害怕的是超能力,Fighters fear psychic power.,chinese_specific_retained,https://github.com/pret/pokered,2ab2421410b764e4dfebeddf8d9249d2cba947c4,Reviewed against the matching English Red/Blue/Yellow scene; the Chinese/Famicom wording is retained because the official line omits or contradicts a material source detail.
MAIN:0x03D8E0,D0849,Red/Blue/Yellow shared,空手道:硬的东西一点都不可怕!,Nothing hard scares me!,chinese_specific_retained,https://github.com/pret/pokered,2ab2421410b764e4dfebeddf8d9249d2cba947c4,Reviewed against the matching English Red/Blue/Yellow scene; the Chinese/Famicom wording is retained because the official line omits or contradicts a material source detail.
MAIN:0x03D8E8,D0850,Red/Blue/Yellow shared,空手道:格斗家害怕的是超能力,Fighters fear psychic power.,chinese_specific_retained,https://github.com/pret/pokered,2ab2421410b764e4dfebeddf8d9249d2cba947c4,Reviewed against the matching English Red/Blue/Yellow scene; the Chinese/Famicom wording is retained because the official line omits or contradicts a material source detail.
MAIN:0x03D910,D0852,Red/Blue/Yellow shared,二当家:看大当家怎么对付你!!,Wait until our Master deals with you!,adapted_to_official_english,https://github.com/pret/pokered,2ab2421410b764e4dfebeddf8d9249d2cba947c4,Uses the matching official English Red/Blue/Yellow scene as its primary voice while retaining Chinese-only facts and Famicom-specific terminology.
MAIN:0x03D933,D0853,Red/Blue/Yellow shared,"大当家:我是这个道馆的大当家,你会后悔的!",I'm this dojo's Master. You'll regret challenging me!,adapted_to_official_english,https://github.com/pret/pokered,2ab2421410b764e4dfebeddf8d9249d2cba947c4,Uses the matching official English Red/Blue/Yellow scene as its primary voice while retaining Chinese-only facts and Famicom-specific terminology.
MAIN:0x03D9CD,D0855,Red/Blue/Yellow shared,得到艾比郎,Got Hitmonchan!,chinese_specific_retained,https://github.com/pret/pokered,2ab2421410b764e4dfebeddf8d9249d2cba947c4,Reviewed against the matching English Red/Blue/Yellow scene; the Chinese/Famicom wording is retained because the official line omits or contradicts a material source detail.
MAIN:0x03D9DD,D0856,Red/Blue/Yellow shared,得到沙瓦郎,Got Hitmonlee!,chinese_specific_retained,https://github.com/pret/pokered,2ab2421410b764e4dfebeddf8d9249d2cba947c4,Reviewed against the matching English Red/Blue/Yellow scene; the Chinese/Famicom wording is retained because the official line omits or contradicts a material source detail.
MAIN:0x03D9EC,D0857,Red/Blue/Yellow shared,裁判:未来的冠军!娜梅的精灵是使用超能力的...格斗系的攻击是没用的!,Future Champ! Sabrina uses psychic power. Fighting Pokémon are weak to it!,adapted_to_official_english,https://github.com/pret/pokered,2ab2421410b764e4dfebeddf8d9249d2cba947c4,Uses the matching official English Red/Blue/Yellow scene as its primary voice while retaining Chinese-only facts and Famicom-specific terminology.
MAIN:0x03DA39,D0858,Red/Blue/Yellow shared,超能力:娜梅年纪轻轻就掌管这个金黄道馆实力不容小看!,Young Sabrina leads Saffron Gym. Don't underrate her!,chinese_specific_retained,https://github.com/pret/pokered,2ab2421410b764e4dfebeddf8d9249d2cba947c4,Reviewed against the matching English Red/Blue/Yellow scene; the Chinese/Famicom wording is retained because the official line omits or contradicts a material source detail.
MAIN:0x03DA73,D0860,Red/Blue/Yellow shared,精神师:你知道吗?精灵只靠力量是不会赢的!,You know that power alone isn't enough!,adapted_to_official_english,https://github.com/pret/pokered,2ab2421410b764e4dfebeddf8d9249d2cba947c4,Uses the matching official English Red/Blue/Yellow scene as its primary voice while retaining Chinese-only facts and Famicom-specific terminology.
MAIN:0x03DB75,D0868,Red/Blue/Yellow shared,超能力:你想见娜梅吧,You want to see Sabrina?,adapted_to_official_english,https://github.com/pret/pokered,2ab2421410b764e4dfebeddf8d9249d2cba947c4,Uses the matching official English Red/Blue/Yellow scene as its primary voice while retaining Chinese-only facts and Famicom-specific terminology.
MAIN:0x03DBE1,D0872,Red/Blue/Yellow shared,"娜梅:我有预感你会来,我是超能力少女,我不喜欢战斗,不过我可以让你看看我的厉害!","SABRINA: I foresaw you! I'm psychic. I dislike fighting, but I'll show my power!",adapted_to_official_english,https://github.com/pret/pokered,2ab2421410b764e4dfebeddf8d9249d2cba947c4,Uses the official English Gen I scene voice where it agrees with the Chinese; Chinese-only facts and bootleg-specific terminology are retained.
MAIN:0x03DC83,D0874,Red/Blue/Yellow shared,得到金色徽章,Got Marsh Badge!,chinese_specific_retained,https://github.com/pret/pokered,2ab2421410b764e4dfebeddf8d9249d2cba947c4,Reviewed against the matching English Red/Blue/Yellow scene; the Chinese/Famicom wording is retained because the official line omits or contradicts a material source detail.
MAIN:0x03DC8E,D0875,Red/Blue/Yellow shared,得到技能机器40,Got TM40!,chinese_specific_retained,https://github.com/pret/pokered,2ab2421410b764e4dfebeddf8d9249d2cba947c4,Reviewed against the matching English Red/Blue/Yellow scene; the Chinese/Famicom wording is retained because the official line omits or contradicts a material source detail.
MAIN:0x03DEDF,D0899,Red/Blue/Yellow shared,博士:我一直都在研究珍贵的化石你有不错的化石吗?,Hiya! I study rare Pokémon fossils. Have one?,adapted_to_official_english,https://github.com/pret/pokered,2ab2421410b764e4dfebeddf8d9249d2cba947c4,Uses the official English Gen I scene voice where it agrees with the Chinese; Chinese-only facts and bootleg-specific terminology are retained.
MAIN:0x03DFF8,D0902,Red/Blue/Yellow shared,得到菊石兽,Got Omanyte!,chinese_specific_retained,https://github.com/pret/pokered,2ab2421410b764e4dfebeddf8d9249d2cba947c4,Reviewed against the matching English Red/Blue/Yellow scene; the Chinese/Famicom wording is retained because the official line omits or contradicts a material source detail.
MAIN:0x03E03E,D0904,Red/Blue/Yellow shared,再生机器再生出化石盔,The machine revived Kabuto!,chinese_specific_retained,https://github.com/pret/pokered,2ab2421410b764e4dfebeddf8d9249d2cba947c4,Reviewed against the matching English Red/Blue/Yellow scene; the Chinese/Famicom wording is retained because the official line omits or contradicts a material source detail.
MAIN:0x03E076,D0905,Red/Blue/Yellow shared,得到化石盔,Got Kabuto!,chinese_specific_retained,https://github.com/pret/pokered,2ab2421410b764e4dfebeddf8d9249d2cba947c4,Reviewed against the matching English Red/Blue/Yellow scene; the Chinese/Famicom wording is retained because the official line omits or contradicts a material source detail.
MAIN:0x03E1BB,D0915,Pokémon Yellow,裁判:未来的冠军!热情的阿桂是炎系的行家,Future Champ! Hot-headed Blaine is a Fire Pokémon pro!,adapted_to_official_english,https://github.com/pret/pokeyellow,e6ba56989b0f2694f393e6924820be11dcc1fbb8,Uses the official English Gen I scene voice where it agrees with the Chinese; Chinese-only facts and bootleg-specific terminology are retained.
MAIN:0x03F27B,D0965,Red/Blue/Yellow shared,"妈妈:是嘛男孩子都是志在四方嘛!...嗯,电视上都是这么说的!对了,隔壁的大木博士在找你呢",Right. All boys leave home someday. It said so on TV. Professor Oak next door is looking for you.,adapted_to_official_english,https://github.com/pret/pokered,2ab2421410b764e4dfebeddf8d9249d2cba947c4,Uses the matching official English Red/Blue/Yellow scene as its primary voice while retaining Chinese-only facts and Famicom-specific terminology.
MAIN:0x03F2EE,D0966,Pokémon Yellow,"大木:喔?小茂你已经来啦?我不是叫你稍后再来嘛...既然来啦就再等一下吧!喔...小智在那有个圆圆的球吧,那里有宠物精灵是要给你的!拿去吧!","OAK: Hmm? Gary? Why are you here already? I told you to come later... Ah, whatever! Wait there. Look, Ash! See that round ball? It holds a Pokémon for you. Go on, take it!",adapted_to_official_english,https://github.com/pret/pokeyellow,e6ba56989b0f2694f393e6924820be11dcc1fbb8,Uses the matching official English Red/Blue/Yellow scene as its primary voice while retaining Chinese-only facts and Famicom-specific terminology.
MAIN:0x03F3D2,D0967,Red/Blue/Yellow shared,欢迎!到精灵中心可以恢复精灵的体力.,Welcome! We heal Pokémon to perfect health!,adapted_to_official_english,https://github.com/pret/pokered,2ab2421410b764e4dfebeddf8d9249d2cba947c4,Uses the official English Gen I scene voice where it agrees with the Chinese; Chinese-only facts and bootleg-specific terminology are retained.
RESTORED:0x03AFB0,D1021,Pokémon Yellow,武藏:好讨厌的感觉哟...,JESSIE: What an awful feeling...,chinese_specific_retained,https://github.com/pret/pokeyellow,e6ba56989b0f2694f393e6924820be11dcc1fbb8,Reviewed against the matching English Red/Blue/Yellow scene; the Chinese/Famicom wording is retained because the official line omits or contradicts a material source detail.
RESTORED:0x03B004,D1035,Pokémon Yellow,武藏:好讨厌的感觉哟...,JESSIE: What an awful feeling...,chinese_specific_retained,https://github.com/pret/pokeyellow,e6ba56989b0f2694f393e6924820be11dcc1fbb8,Reviewed against the matching English Red/Blue/Yellow scene; the Chinese/Famicom wording is retained because the official line omits or contradicts a material source detail.
RESTORED:0x03CF54,D1048,Pokémon Yellow,小次郎:果然和平常一样...,"JAMES: Sure enough, it's the same as always...",chinese_specific_retained,https://github.com/pret/pokeyellow,e6ba56989b0f2694f393e6924820be11dcc1fbb8,Reviewed against the matching English Red/Blue/Yellow scene; the Chinese/Famicom wording is retained because the official line omits or contradicts a material source detail.
RESTORED:0x03CF56,D1049,Pokémon Yellow,武藏:好讨厌的感觉哟...,JESSIE: What an awful feeling...,chinese_specific_retained,https://github.com/pret/pokeyellow,e6ba56989b0f2694f393e6924820be11dcc1fbb8,Reviewed against the matching English Red/Blue/Yellow scene; the Chinese/Famicom wording is retained because the official line omits or contradicts a material source detail.
RESTORED:0x03CF58,D1050,Pokémon Yellow,喵喵:喵...,MEOWTH: Meow...,chinese_specific_retained,https://github.com/pret/pokeyellow,e6ba56989b0f2694f393e6924820be11dcc1fbb8,Reviewed against the matching English Red/Blue/Yellow scene; the Chinese/Famicom wording is retained because the official line omits or contradicts a material source detail.
